rank,Publisher ID,Publisher Name,Total Sales,Total Commission,Order Count
1,12784222,René Ceretto,2340729.41,296275.39,5151
2,32309691,Brianna Yarbrough,644825.99,87255.48,716
3,24570199,Taylor Hinojosa,393567.0,53079.02,408
4,31394440,Dallas Dudra,307828.88,38652.17,701
5,25008048,The Freebie Guy,147743.65,19525.32,1122
6,26567560,Arianna Lama,118134.49,15910.93,119
7,28440645,Tamara Lyons,111526.04,14828.14,144
8,24669971,Naomi Vega,109956.64,12195.97,205
9,27003703,Julie Berset,86599.15,10410.21,99
10,24459550,Arian Hokes,81900.7,9522.79,133
11,27992420,Lydia Blue Olson,55962.95,7668.65,48
12,24247157,tracy Nantongo,54793.14,7477.41,118
13,25008112,Heather Wheeler,50136.79,6601.74,289
14,22595756,naylani pepen,50043.86,6819.8,66
15,24294288,christen Mencaccini,48542.92,5015.64,126
16,25312937,Hannah Wang,45590.64,5307.78,115
17,24221721,Alisha Floryn,44690.39,5966.64,139
18,27921672,ariana Pagliarulo,44123.62,6021.65,72
19,25487403,Alesha Ball,42307.16,5800.66,129
20,29871363,Jennifer Argueta,36985.28,4940.16,65
21,30728287,Andrea Lopez,36676.71,4842.17,55
22,24777708,Hannah Joyce,36315.12,4276.32,127
23,24298014,Hai Trinh,35083.88,4830.43,117
24,22178976,Meggie Ferreira,34845.09,4725.65,75
25,29929108,Asia Martin,34796.72,4916.29,44
26,27992421,ya fav darkie🖤,28776.47,2311.41,29
27,26108697,miranda Bubel,28381.3,3939.05,77
28,30128047,Evan Cabell,28178.4,3761.64,133
29,31702636,Andrea Watts,27808.53,2976.11,50
30,29935229,danae Mangold,26778.63,3756.48,43
31,29858990,Chris Barros,24470.06,3043.99,45
32,30149847,Melissa  Hale,24430.25,2973.26,179
33,31052152,Carol Jakubowicz,24400.35,746.82,31
34,31544759,pennyscroll,24340.03,2824.51,57
35,27578886,Kinsilo Doyle,24335.9,3421.62,49
36,25205302,Carrie Passaro,23964.86,1818.99,22
37,24886357,Marissa  Herr,23675.8,2815.63,73
38,25473014,Cortney and Robert / Create Good Inc Novogratz,23369.0,2384.31,79
39,22293389,Catherine Ortega,22975.75,2383.08,48
40,26076709,Ariana Grande,22641.04,2508.79,86
41,28397402,Sade Goodman,22529.01,3115.59,35
42,29701290,Carol Jakubowicz,21691.41,674.52,39
43,29740571,Dallas Combs,21560.95,2888.92,50
44,28375067,Sharon,21081.64,2529.82,29
45,28428424,miyashelae Gross,20324.9,2539.97,42
46,29755608,Laila United States,18825.29,2635.55,34
47,32929586,Manuela Ylli,18396.15,2469.92,38
48,27689787,Megan Aspen Repass,17695.24,2358.11,39
49,23754029,Brooke  Minor,17033.96,2332.33,30
50,33562430,Atiana Russell,15596.86,1494.4,25
51,27992043,Jenna Ditch,15571.32,2114.2,56
52,29261251,Maureen  Bryfczynski,15457.9,1699.51,40
53,26947848,Anna Gandrabur,15301.8,1740.92,19
54,24812938,Josee' Mitchell,15145.25,1654.01,29
55,26389444,Jalyssa Tonyea Woodall,15123.91,2015.02,43
56,24694389,Rahema,14832.31,1528.83,43
57,32009316,Chanel  Richie,13772.0,1500.21,20
58,29742827,Audrianna Skillin,13768.67,1760.36,37
59,24684674,Greer Gagnier,13765.5,1082.38,24
60,27047085,ndavis.usha,12822.93,472.89,8
61,31257038,Miranda Dynowski,12666.86,1548.83,11
62,25008103,Michelle,12621.12,1725.58,60
63,28795246,Christina DiBella,12497.96,1336.12,43
64,19851281,Lisa Hu,12350.28,531.94,8
65,25369705,Diana Gomez,11469.98,1446.11,25
66,25461553,Rachel R.,11229.61,1144.13,16
67,28958746,leenda akar,11132.94,1335.95,3
68,27063811,Jayla Ferrell,10999.74,1569.69,26
69,24789089,Riley Welner,10867.15,1436.17,24
70,26197023,Samiyah Hall,10562.62,1218.34,26
71,28139693,Nicole Webz,10543.8,1188.5,25
72,25954031,Ana Szumilas,10443.13,1172.93,34
73,28316151,Annie Telalyan,10098.16,1135.03,33
74,28486020,Nadin Adam,10096.91,1400.97,22
75,25812972,Vicki Dietz,9502.43,291.99,5
76,25980060,Tiana Edwards,9420.32,1202.7,13
77,29928147,Dominique  Bourne,9376.59,1112.43,9
78,26950100,Stephanie Baek,9217.26,952.42,32
79,27233651,Athena Gil,9191.4,1320.28,13
80,30059072,Monique Saulsberry,9185.22,1295.33,9
81,25048942,prettygirlswithcurlsmgmt,9110.91,1093.31,12
82,24790574,Eboni  Brunson,8988.78,1239.21,15
83,25094046,Kaprice Harrell,8974.35,1014.02,19
84,29214533,Brianna Edwards,8873.9,1214.82,31
85,31156259,Tracy martinez,8798.83,1034.53,12
86,14906357,Lauren & Amanda Conaway,8699.6,1043.97,18
87,24327657,GETTY ELEOS Home Decor | UGC| Lifestyle& Interior Design,8694.75,980.29,7
88,29406643,Moria Hulbert,8659.67,615.05,9
89,27929645,Hannah Nicole McGhee,8569.29,1028.33,15
90,27903798,Mary Farmer,8518.57,1072.84,54
91,19461521,Kristina Evans,8512.73,1021.53,2
92,27410350,Claudy Pelingon,8337.91,901.51,8
93,28340554,misty,8248.04,253.57,12
94,25407736,Aaron Ramirez,8163.29,1089.42,23
95,30340556,Mehdi Hosseinzadeh,8132.6,958.93,21
96,24790577,Shanice Williams,8114.05,801.53,16
97,25968231,tristi  king,8092.86,936.5,53
98,28290846,Molly Robinson,8054.41,948.56,18
99,23752124,Donnetta Haynes,8022.35,1127.35,18
100,23953670,AuNisti Rogers,7978.67,869.21,16
101,29647738,Sarah LaMantia,7750.23,723.89,21
102,25359890,Terra Nelson,7717.91,667.72,24
103,30211986,Logan Clopton,7579.44,909.54,10
104,24486603,Kelsey Boyd,7387.56,886.18,16
105,25499411,Haley Klei,7295.38,832.62,8
106,26325991,Tannesia Speed,7238.84,1006.57,19
107,32512221,Geevie Wood,7182.84,865.75,14
108,29238056,Allie Barron,7114.91,996.1,12
109,27352724,Leigha Tingle,7040.68,844.91,18
110,28340330,Valerie Warren,7012.69,841.53,12
111,23124406,Nie Smith,6879.03,651.63,12
112,26239735,Kelli Testa,6819.9,818.4,12
113,31697240,paleshnyk,6801.69,816.22,3
114,25997460,Pronab Roy,6767.46,936.87,19
115,28829110,emily cortez,6761.88,724.08,12
116,25911907,Keona Crenshaw,6605.3,752.6,14
117,30294482,triva Starks,6527.88,783.35,6
118,25990187,brittney_gage Gage,6488.93,778.68,4
119,25838480,Crystal Paine,6426.26,693.16,34
120,28349319,Sabrina Mullen,6369.07,727.22,11
121,32816334,Elizabeth Huston,6368.09,615.88,14
122,32615397,Tré Hazelwood,6303.24,746.5,12
123,28037393,Leah Pagel,6236.79,835.15,16
124,16506745,Stuti Rastogi,6189.2,866.49,8
125,25525076,Isis Harris,6127.58,614.79,12
126,14816908,Marlene Cordero,6125.28,606.05,13
127,23908623,Teresa Padilla,6125.03,685.31,9
128,28427698,Liza Grier,6052.94,711.24,8
129,13923620,Ben Schlichter,5932.95,177.99,2
130,31918930,Jessica Manfredini,5920.88,525.14,19
131,25014118,Jessica LaFevre,5911.54,809.21,13
132,26948330,Rhonda Michaels,5898.61,210.53,6
133,26536421,Saja Ben Abdallah,5865.2,676.09,17
134,26268013,Lauren Crawford,5642.93,677.15,3
135,27049642,Jenna Haefelin,5625.21,782.61,16
136,25498287,Nathan Peppers,5611.15,641.16,6
137,26925412,Tina Teal,5465.49,687.04,22
138,10644318,Audrey Crisp,5428.35,162.85,3
139,33959267,selina,5410.93,418.38,5
140,28414184,Katrina Kennedy,5349.44,641.94,10
141,26229578,Micha Butler,5306.62,656.5,19
142,30940824,Libby Loving,5213.9,590.22,10
143,25900942,Stephanie Boyer | Interior Decor | Interior Design | DIY,5196.69,337.19,5
144,21431912,Stacie Stanley,5158.83,324.23,13
145,17989978,Gracie Friedl,5114.07,476.23,11
146,27178635,Emily Harrah,5100.35,612.05,11
147,31142253,Marissa Castello,5059.97,601.45,17
148,13571400,Valeria Jacobs,5021.2,418.18,19
149,27410233,Neecy Patton,5012.87,150.39,2
150,34484589,Ella Riser,4981.63,489.2,8
151,10705978,Tay Nakamoto,4939.54,561.41,15
152,23356555,Juan San Roman,4903.67,588.45,6
153,27914809,Libby Kruger,4861.0,699.39,8
154,29851726,Emily Lewandowski,4800.72,523.81,17
155,29964148,allison.baek,4754.84,563.76,16
156,27069377,Ava Gallo,4660.25,559.24,7
157,26348085,selenamsincerely,4654.5,583.3,8
158,26955114,Roki Ouachtouki,4543.67,556.06,18
159,28843214,Donna Bauer,4441.69,621.86,12
160,32932138,Olha Sarabrin,4428.19,418.46,6
161,25056865,Nikolina Stadler,4289.0,568.24,14
162,29673003,annmarie wright,4247.94,509.77,11
163,34015811,Hannah  Stapleton,4147.07,133.96,5
164,24405470,𝐃𝐚𝐧𝐢𝐞𝐥𝐥𝐞 𝐃𝐨𝐧𝐨𝐡𝐮𝐞,4094.19,449.6,15
165,28603966,kgloveschrist,4074.88,488.99,7
166,34718974,jennifertuckerstyle,4011.77,313.92,9
167,24812954,Ashley Tate,3979.91,420.09,8
168,26442212,Michael Motto,3965.6,487.14,5
169,29693954,Kristie Wong,3964.88,475.79,5
170,25783602,Bre Bertolini,3949.55,451.52,18
171,29206125,Leigha Schmidt,3938.9,472.68,11
172,30781602,Temi Ibitoye,3920.37,473.65,7
173,26635882,Maria Wedding,3919.39,470.33,10
174,29292431,Hernan Slodowicz,3911.51,704.07,8
175,28895158,Elle Menzel,3907.93,423.61,10
176,35290132,brandigardner,3866.83,116.01,3
177,25134591,Clarity home,3846.76,461.61,7
178,24418011,krescent Frye,3832.48,441.28,8
179,31882950,Emily Cohen,3795.96,385.07,11
180,28127932,Malaun Rogers,3784.99,458.56,12
181,25821151,Nicole Rangel,3776.31,458.36,8
182,30961908,Fernanda Abone,3749.95,449.99,2
183,24440867,Savannah Pratt Sharma,3713.96,420.05,19
184,27007252,Izabel Stewart,3673.94,474.68,5
185,27574612,April Hunter,3669.94,411.06,3
186,27170742,Abigail Ack,3652.06,438.25,8
187,29404769,fathersdaughterdecor,3650.66,378.95,9
188,17420202,Sarisa Munoz,3641.08,306.44,13
189,26508088,Dajanae Vaughn,3627.87,435.35,6
190,26300771,Jennifer Vo,3602.37,328.81,21
191,33321039,Sade Living,3575.4,429.05,3
192,24418835,Cindy Pichardo,3573.02,425.3,9
193,23611288,Amanda Kelly,3566.35,433.75,10
194,26787035,Alexis Adegoke,3534.12,416.38,12
195,28790109,Nathalia Rizzo,3526.02,428.85,12
196,24790557,abraujewelry Enright,3444.94,330.69,6
197,31824366,Isabela Romao,3376.99,405.24,2
198,24418836,Kerry Swain,3368.04,199.89,11
199,33104540,collabwithsj,3362.33,100.87,2
200,27458142,Madison Urban,3334.44,311.04,5
201,24790516,Forlisa Nauling,3308.21,260.79,12
202,17330345,Jenna Shaughnessy,3298.53,288.51,8
203,29015356,calita Ferreira Lummertz,3287.96,385.65,4
204,25530357,brennahoskins24,3280.67,393.68,4
205,25763338,Sahanaz Matin-Rashid,3242.17,369.7,9
206,24157891,MACY GILSON | home + motherhood,3160.0,392.42,4
207,24302351,Brittany Spoerhase,3067.26,344.71,14
208,30923982,tonyrconaty,3027.86,363.36,11
209,33450068,Lilas Hammoud,3019.51,362.35,5
210,30498814,Devin Wyatt Johnson,3002.66,274.03,9
211,30841451,Britny Owens,2951.12,356.34,12
212,22485419,shawnee  Krahulik,2925.88,351.11,3
213,32256957,ogildafdez,2917.31,182.07,9
214,25082611,Rebecca Paradiso,2913.31,312.52,5
215,28942350,Tara Teapot in the Garden,2865.27,401.14,1
216,25532402,Ashleigh Austin,2847.59,133.31,10
217,26268155,Missy J Fierro,2831.46,339.78,4
218,23254896,Rachel Sayger,2815.21,265.92,12
219,26314133,Larissa Hitchcock,2800.64,336.08,1
220,28957531,alyssaanngomez,2798.96,366.25,2
221,28895132,_megan597,2749.0,329.88,4
222,32940824,Abigail Noriega,2724.87,279.61,9
223,25359873,Jennifer Randeau,2705.99,324.72,2
224,28997386,thetriplethreatmom,2699.0,323.88,1
225,28846190,Annie F. Downs,2684.59,407.7,10
226,26951009,Siraya Gloudemans • Wisconsin autism advocate mom of 3,2653.76,363.03,2
227,28482200,Gracie Smith,2652.89,318.35,2
228,28480725,Terence James,2643.39,317.21,5
229,23961034,Dila Heiden,2637.36,316.47,4
230,30497914,Alicia Hawes,2619.2,331.43,7
231,24418577,Mallory Fletchall | Reserve Home,2592.91,311.16,5
232,22555802,Lexi Koppy,2589.56,310.77,13
233,24169448,katie,2583.22,281.19,2
234,31536602,Francois-Yves Auger,2573.57,251.51,11
235,28092756,Rekea Jacobs  MSN  NP-C,2570.91,304.03,6
236,25058668,Jasmyne McIver,2535.98,304.32,3
237,24780684,Becky George,2526.15,256.62,8
238,26868921,Lauren Odessa,2512.55,284.51,6
239,32720382,Elizabeth Rose Johnson,2497.96,299.76,2
240,23951509,Jami Bukhari,2463.96,295.67,1
241,27121621,joanna,2461.55,73.85,6
242,27991189,Alex Tran (Alex Goes Global),2438.93,232.3,4
243,25478831,shafonn,2438.01,252.52,9
244,24445756,Brandi Hines,2427.94,72.84,3
245,26948706,Malia Good,2422.74,290.73,4
246,34037094,Kiara Harris,2418.14,133.76,5
247,35392373,miamoore198,2411.84,286.58,11
248,26310639,Hannah | The DIY Records,2408.43,289.02,6
249,28940504,Laura Watson,2402.22,288.26,4
250,29391519,marissamarsae,2391.37,286.97,10
251,27603550,Kiana Williams,2378.67,335.27,15
252,24418790,Sara McDaniel,2373.89,249.06,8
253,26127899,Muneca Newmyer,2372.99,284.76,2
254,27342413,keelymcdannold,2362.99,420.72,3
255,30236407,Catherine Velasquez,2337.59,320.85,7
256,30860868,interiorbyhannaahh,2335.44,99.32,2
257,35056165,kristin wilder,2326.12,228.19,6
258,26500665,Melissa  Oftedahl,2276.95,273.94,5
259,29559803,Guerlande Appolon,2267.79,256.49,10
260,29993842,Traya Young,2258.45,238.69,3
261,31399771,Wayneisha Jefferson,2243.85,269.27,4
262,25057354,Hannah Quick (Perry),2236.91,268.44,7
263,34220455,thecozychaos8,2233.91,281.84,10
264,25016484,Brian Agu,2213.89,265.67,6
265,29731234,Mike Montgomery,2207.79,272.74,6
266,31972062,Jessica Altman,2195.96,263.52,8
267,25469560,gabrielle_moses,2180.95,263.96,7
268,33452267,Anastasia Bach,2177.18,261.27,3
269,26295807,Ashley Hardcastle,2169.82,260.39,8
270,25533630,Carmen,2160.68,259.28,1
271,33743184,Olivia Boblet,2155.89,293.22,4
272,24472181,Whitney Farrar,2150.48,258.06,2
273,26559456,lifewithmic2,2123.96,222.84,4
274,29129522,peyton Pope,2120.0,268.8,2
275,28466583,Lilaamarie__,2110.95,253.32,2
276,31971372,itsfeliciaj,2103.24,109.56,2
277,26296716,Angela | DIY + Design,2101.55,269.61,10
278,27270516,Aami | ATL Content Creator | DIY & Lifestyle,2093.04,251.16,3
279,29081880,Rosemaria Simmons,2074.55,216.28,5
280,26921696,Grace Ryu,2067.9,241.14,9
281,33446428,jessswellsss,2060.32,61.81,1
282,30834388,Rachelle Edouarzin,2059.99,247.2,2
283,26586379,Brimley McGrath,2042.24,245.07,2
284,23953574,Robin Warzywak,2028.17,171.48,5
285,30635969,Ashley Hankins,2022.13,242.66,1
286,26376657,Jordan Turner,2013.01,130.05,5
287,30090181,msimon00,2001.94,240.23,1
288,26550577,Myquillyn Smith,1976.62,244.18,10
289,28149876,Jasmin Calle,1974.98,276.5,2
290,33565278,Tanisha,1974.93,237.0,5
291,30629827,Madeline Lloyd,1973.98,236.88,2
292,34057638,kanwalno1990,1965.92,235.91,8
293,28041644,Paulina Vickers,1915.54,97.84,4
294,25526269,India Powers,1902.58,228.32,5
295,24780074,Mariza Mullen | Home Decor + DIY,1901.0,228.12,1
296,21995108,paige Hietpas,1899.94,258.08,6
297,28613347,emiliecany87,1846.13,221.54,1
298,23883811,Candace Tucker,1834.01,118.75,5
299,25050104,Janae Chestnut,1821.8,218.62,6
300,26775671,Nina Iorg,1820.35,154.72,3
301,24790339,My Jones,1818.41,218.21,5
302,27398627,Allie Hurley,1816.84,176.98,5
303,26082827,mshollyinspired,1802.94,216.36,3
304,30104842,Audrey Lund,1802.75,216.34,9
305,26598761,Michelle Baker,1794.97,215.4,4
306,34265771,jessycagala93,1780.82,213.7,5
307,26650823,Don Ntontolo,1779.91,213.59,3
308,34479958,nholman2.pr,1748.51,165.72,3
309,29943462,Sarah Bryan,1745.0,209.4,1
310,30988914,Ashley Howard,1739.98,208.8,2
311,26294252,Matthew Buchheit,1738.14,208.58,4
312,35128960,Kaitlyn Dedo,1736.93,52.11,3
313,30772968,leslie,1732.97,51.99,1
314,26500948,Susan 💙 Amazon Home Decor,1732.88,185.09,4
315,32462302,velvet.homemaker,1726.44,115.57,6
316,25838570,Gabriela  sanchez,1711.59,239.62,1
317,32517045,jasmine,1692.94,203.16,2
318,33871050,Lara Becker,1686.22,116.34,12
319,27574228,Angie Agerter,1666.28,121.45,5
320,27860470,Heather Walsh,1664.88,199.79,2
321,34860155,mayeline11,1658.94,199.08,4
322,26869966,Turner Grace McCrea,1654.95,178.52,5
323,26792197,Melissa Michaels,1629.0,293.22,1
324,31668673,India Chism,1616.99,194.04,2
325,26296441,Darelis | Home decor| Home styling inspo,1605.4,192.65,3
326,24392072,reyna capellan,1577.99,174.96,3
327,24340673,Shadae Moore,1571.99,188.64,3
328,28037668,Andrew Roby,1568.68,188.24,3
329,24935273,Nagam Zeineddine,1567.77,151.03,4
330,34410022,hello,1559.33,187.12,1
331,32867614,Kelly Edwards-Asirifi,1553.99,186.48,2
332,27142676,Brelyn Bowman,1545.95,89.22,2
333,27911901,Jessica Weintraub,1541.56,127.31,5
334,24691148,Charlee | Build & Create Home,1534.91,165.08,6
335,26486275,Fatima Sakrani,1534.89,88.44,5
336,30687668,AnneMarie Greenberg,1534.0,213.19,9
337,31209476,contact.yannalove,1505.96,180.72,2
338,24827084,Courtney Azurmendi,1501.06,185.76,9
339,29465557,vanessaeaguirre,1495.96,44.88,1
340,16190871,The Daily DIY,1489.26,44.68,1
341,30555515,Dusti Trent,1487.68,160.99,10
342,29194283,Adaora Ezeji-Okoye,1486.95,178.44,3
343,29881899,rachellkaye1,1483.98,178.08,1
344,25536514,Andrea Sanchez,1481.55,177.79,3
345,28117313,Anmol Kaur,1470.51,176.47,6
346,25635721,lizzduffyfitness,1464.97,175.8,1
347,21488787,Natalie Libot,1457.9,181.35,6
348,29089019,kimackcreations,1454.93,174.59,1
349,28796996,Hiba Atif,1452.96,174.36,4
350,26948395,Violette de Ayala,1444.88,132.71,3
351,27581484,Sheri Fitzgerald,1432.53,138.8,13
352,25708011,Lauren Worth,1422.09,168.12,6
353,29081809,carter.amberr,1419.74,170.37,1
354,27398907,rachelsreno,1416.05,153.1,7
355,28748111,kmaxwell,1408.48,169.02,1
356,30790821,samantha,1406.87,168.83,4
357,26855930,Anaya Mayhew,1405.98,42.18,1
358,34957119,mariah,1399.99,168.0,1
359,27766019,JonetWMakeup,1389.96,147.0,4
360,26295099,savannah thomas,1386.42,168.9,5
361,28481064,gypsysoulvibe,1385.0,166.2,1
362,26950853,Pamela Randolph,1380.97,165.72,5
363,31496724,Sydney M.,1380.94,173.32,4
364,25990270,Synthia Hernandez,1379.09,99.34,7
365,29271201,Ketra Dixon,1373.11,98.63,4
366,34219036,mavitabile,1372.94,41.19,2
367,32861117,feliciamaekup,1368.95,41.07,1
368,24382413,Irene Serrano Bustamante,1359.06,106.75,6
369,27398975,sammishomeandliving Batt,1354.09,162.5,4
370,24867283,florencegonasma,1349.97,162.0,2
371,31456896,joan.d.scribner,1341.09,160.93,1
372,24381451,caitlin.bultman,1320.49,81.38,2
373,29198307,Sabrina Jade Macchio,1319.0,237.42,2
374,33754626,Michelle Latsu,1315.96,157.92,4
375,26509344,Dora Jay,1311.54,157.39,3
376,25284766,BonBon Bell,1310.63,157.28,9
377,25711841,Allyson Ray,1305.29,156.63,1
378,30140606,Quiana Cato  BSHS  Interior Designer|Real Estate Investment,1294.94,38.85,1
379,27026497,anthoni,1285.95,154.31,1
380,28152552,Judy Cardona,1285.92,154.31,2
381,29901017,meg_nowell,1285.31,154.24,2
382,17339592,Rickina Godette,1279.95,153.6,2
383,25526159,Teri Green,1278.84,153.46,6
384,34658659,Mia Bettino,1278.82,158.79,8
385,26091356,Elle Sandman-Sacher,1277.95,153.36,3
386,26918988,Chickens🌿Goats🌿Roses🌿Homesteading🌿Homeschooling,1274.94,153.0,2
387,27045909,Ashley Rose Arcement 🌹 NYC + Travel Mom Life,1270.96,164.2,3
388,29901354,jessica.rader,1265.0,151.8,1
389,12796072,Jelena H,1256.18,37.69,1
390,29406181,Ayesha McDuffie,1240.96,148.92,4
391,28414162,Jessica Monsanto,1240.0,173.6,1
392,33829374,terriwake23,1239.58,141.19,7
393,35237183,stines.socials,1237.98,148.56,2
394,28689005,Gabrielle Kraus,1230.02,147.61,4
395,26956881,Kaitlin Tufts,1224.95,53.4,4
396,26375625,Dejala Branch,1222.99,146.76,2
397,25360432,Melonie Graves,1221.1,130.0,5
398,27176004,Claribel Q Acosta✨🌸,1215.97,174.63,2
399,29406006,Kelley ORourke,1212.8,145.54,3
400,28853681,Mike Harrison,1203.02,115.2,3
401,33389122,hospitalitykim,1194.22,143.31,2
402,30046804,najahcitizen00,1189.99,142.8,1
403,25537169,Sage Bowman,1188.19,142.58,2
404,25498880,macy wethington,1187.92,35.64,1
405,28401873,Healthy Elizabeth,1175.41,35.26,1
406,30780401,its_sahara_ Alonzo,1165.96,139.92,4
407,25057875,Kathy Ibrahim,1163.86,139.66,5
408,25524781,Tatum Culhane,1158.72,125.4,4
409,16537429,Amanda Wilson,1141.1,136.94,4
410,16461174,Daysha O'Pry,1125.96,135.12,1
411,35289975,itssarahshome,1117.94,134.16,4
412,27181683,Jamyah Leigh,1116.1,133.93,3
413,26267408,Davia Reddig,1115.94,133.92,5
414,32503495,Jeannie Kim,1108.99,155.26,1
415,34692456,betsysharp77,1108.97,133.08,1
416,25486768,lianet1006,1100.98,132.12,1
417,30999283,mohurst73,1094.92,32.85,1
418,34118543,Whitney Perry,1091.06,65.88,7
419,29948234,Kayla Sue Roberts,1090.37,130.87,8
420,28923307,avbest15,1085.94,130.31,2
421,25410357,Britain Bennett,1085.52,130.27,6
422,26908072,Jasmine Katrina,1081.21,135.75,4
423,25621345,Tamika Gaskins,1079.24,129.52,2
424,31256115,Maggie Widener,1076.7,129.2,1
425,27135196,Lauren Fabbri,1074.99,129.0,2
426,33118593,Raquel Duenas,1069.57,128.35,2
427,25457510,Alma Tahirovic,1067.14,119.02,5
428,24790583,Cindy Nguyen | Home Design Lifestyle,1066.98,131.58,2
429,30058386,michelleayala91,1065.97,127.92,3
430,28813029,Tristin Mays,1064.05,127.69,5
431,25530038,Kristen Mckay,1062.92,148.82,7
432,29010322,Rayona Hall,1062.33,138.33,3
433,34885647,valen.cortez,1058.25,127.0,5
434,22486709,Keniyah Rowe,1056.94,126.84,4
435,22178111,Diana Whitcomb,1048.42,100.61,6
436,28121178,Jessi Fearon,1039.99,124.8,2
437,25540916,camillejewell,1038.95,124.68,4
438,28153370,Kayleen’s Coffee,1029.97,123.6,3
439,28101610,cara,1028.24,30.85,1
440,30506284,Jennifer Spearman,1025.97,96.03,8
441,28146486,Jordyn Power,1018.99,49.32,2
442,27190399,Olivia Tennison,1014.95,134.48,3
443,14015331,Roxanne Flett | DIY & Home Design,1002.79,93.79,2
444,28847269,J O J O💕🇸🇻,999.99,120.0,1
445,24669856,țix,998.99,119.88,2
446,26075330,LavishKei ❤️,993.63,119.24,3
447,31605645,Stephanie Dattellas,982.96,117.96,1
448,28516730,zoenford,969.99,116.4,1
449,30894097,Grace Marchand,962.58,115.51,1
450,28431932,Danielle Marie,958.95,52.62,4
451,26949247,Jasmin★♡,955.99,114.72,2
452,26870438,Zena Shennawi,951.33,114.17,4
453,26318937,alexisreed23,946.95,117.76,5
454,27576172,Daily Baez,934.95,112.2,2
455,30642476,Diala Jaghab,932.89,100.98,6
456,31908154,Brandy Roberts,931.43,111.77,1
457,29095389,matchinwithmaddie,931.28,111.76,2
458,33265669,Ric Salinas,930.7,111.68,3
459,24844002,A N N   M A R I E   +   C O.,929.9,27.9,1
460,27175059,Charlie Bird,925.97,111.12,2
461,22881619,Siham Salhi,920.0,110.4,1
462,23754200,Aaron Bracetty,916.98,110.04,3
463,25635724,KELSEY G | STYLE INSPO,914.57,51.52,2
464,29668891,Saravanan Annamalai,907.96,27.24,4
465,30758873,Nicole Hogue,907.05,118.05,5
466,24935042,𝐋𝐚𝐮𝐫𝐚 | 𝐇𝐨𝐦𝐞 𝐒𝐭𝐲𝐥𝐢𝐧𝐠 | 𝐃𝐞𝐜𝐨𝐫 𝐅𝐢𝐧𝐝𝐬,902.5,108.3,2
467,26952770,June Cruz,901.91,108.23,12
468,29456779,Yarlenis SancheznCardona,899.99,108.0,1
469,30572187,Kaylee Coon,895.96,26.88,2
470,35538222,cynthia571g,887.17,106.46,2
471,17778292,Kylen Chen-Troester,885.98,106.32,1
472,34717761,Rachel Gold,884.96,123.9,3
473,30700094,thedestineechanel,884.94,106.19,3
474,28414487,Gabriella Alonso,880.0,105.6,1
475,15090178,Iryna Bukreieva,874.97,105.0,2
476,23799679,justinemaria.caro,871.96,104.64,1
477,30985266,robinson.petra.14,869.98,104.4,1
478,21656254,Elizabeth  Garoutte,869.94,104.4,1
479,29983882,Jacqueline Peace,854.81,102.58,2
480,32809918,Taylor Lemke,845.41,102.39,4
481,30028363,bizzybbie,844.97,101.4,2
482,28788644,Kelly Milligan,842.95,77.13,4
483,32109999,lovebuildsjoy,841.99,101.96,2
484,26294282,Michelle Rockwell  MD,839.97,25.2,2
485,28037472,Lindsay Flores,830.96,99.72,4
486,29665813,Niki Nash,826.99,99.24,1
487,28074249,Wy Mac,817.49,98.1,1
488,35406106,jerilynnbryan.collabs,816.97,98.04,3
489,26268184,Stephanie ❀,816.95,98.04,2
490,19407397,Kristie,815.98,97.92,2
491,30564022,Antoinette Wright,809.98,97.2,3
492,32725634,Kristin Hanrahan,800.96,96.12,2
493,27193097,Carolina Skipper,797.6,95.71,4
494,27140155,Jocelyn Yates,797.01,23.91,2
495,25495718,JAY NOELLE,794.97,95.4,2
496,28700611,Moochiest Moo | Jackie & Teddy 🧸,794.97,95.4,4
497,26501026,𝑳𝒂𝒖𝒓𝒊𝒔 𝑳𝒐𝒑𝒆𝒛 | NYC Blogger🗽,787.98,94.56,2
498,22473236,Torian Cole,774.4,92.93,2
499,24350735,Jaelah Majette,773.95,92.88,2
500,30344667,Celina Fizell,769.99,107.8,1
501,26794935,S A B R I N A  K H A N,769.98,92.4,2
502,24472177,Katie Davis,767.7,107.48,1
503,33446728,mayukomcknight66,766.93,92.03,3
504,26857082,Jill Jones- thetidytrendy,765.97,91.92,6
505,35279716,jaclynwillert,759.98,91.2,2
506,27461887,Emily Zimmerman,758.51,91.02,1
507,29485856,melissafitfoodie,755.62,90.68,3
508,27338684,ari 🌻,749.99,90.0,1
509,25410452,Brianeisha Thompson,747.78,89.74,4
510,25056317,shirley,739.98,22.2,1
511,32249125,Oumou Diallo,738.98,88.68,3
512,21995135,Kayla Falconer,737.95,88.55,1
513,30605517,Just Goddard,732.25,87.87,2
514,33959348,Maryam French,732.13,87.86,1
515,24799206,kelly pickup,730.96,87.72,2
516,30344747,Kyah Dowdy,730.0,87.6,2
517,30635857,Tracey Ounanian,727.96,87.36,1
518,26944465,Bella Maria - Dallas,724.99,87.0,1
519,24572967,paigemariahblog,723.98,86.88,2
520,29206309,vicrivero,723.95,86.88,1
521,33177264,Kia Scott,722.93,84.5,3
522,33444849,brynnbuono,715.97,85.91,1
523,29060598,Alfred Glover,711.96,85.44,3
524,30006595,Diamond Hunter,711.42,85.37,2
525,28416048,April Cervantez,710.97,85.32,3
526,35208637,media,710.97,80.46,4
527,26068321,Taylor Cherie,710.95,38.07,2
528,29210168,Bayla Ryal,706.95,66.21,2
529,26781070,Cellina  Torimiro,704.94,21.15,4
530,23208944,Deone Watkins,699.98,86.0,4
531,22989851,Madisson Hausburg,697.95,90.12,3
532,28053279,Sam Steiber,694.93,83.39,2
533,18288450,Suheda Nur Eroglu,693.97,20.82,1
534,33400820,jenknake,692.7,49.2,3
535,27856923,Elena Fedorchenko Tsukanova,691.99,20.76,1
536,27269232,Mads ⋒,689.4,82.73,4
537,24418810,Ashley Hornberger,689.03,20.67,1
538,23202918,Kianna Woods,687.92,82.55,1
539,24418802,Candace  Anderson,680.95,81.72,3
540,20968251,Holli Rodrigues,680.94,81.71,1
541,25410411,K  A  R  L  A      I  S  A  B  E  L,679.96,81.59,1
542,28146657,Mitsuka Noël,679.0,81.48,1
543,32180717,Kasca Shand,677.04,72.9,5
544,28600724,danalise.jaylene,675.97,81.11,2
545,27568307,madireymadirey,675.17,81.02,1
546,13232415,Sandra Herzog,673.73,80.85,2
547,29176259,Madison T.,672.94,89.65,2
548,29554041,aeweddle,671.97,80.64,2
549,23149887,Yanitza Guevara,668.97,20.07,2
550,26650784,saltystripes,661.3,54.94,3
551,26263591,mia Smith,653.67,78.45,2
552,31602870,craiggbarbaraaa,653.13,78.37,1
553,29938365,Kia Hensley,652.97,78.36,2
554,28065337,Adriana Quaranto,650.89,78.11,5
555,28071278,Jimika Ligon,649.99,78.0,1
556,34665363,jrleifer,649.99,78.0,2
557,25359520,Jenna | Home  Style + Real-life,646.98,19.41,3
558,31267176,Elizabeth  Espinoza,644.88,77.39,1
559,34416211,akamawmi@gmail.com,644.54,80.99,4
560,30838080,thetimelessnest.ry,644.26,77.31,3
561,34017458,theericanthony,638.99,76.68,2
562,33452654,Jordan  Arthur,635.35,76.24,2
563,28862438,Brooks Wingate,632.98,75.96,1
564,27458643,VIKTORIA BORYNSKA | UGC creator FL  USA,632.97,75.96,2
565,32349472,Taylor  Thornton,630.95,75.72,3
566,32939379,Cornesha Robinson,627.97,60.24,2
567,26536472,Jenn Rogers-Kelley,624.98,75.0,2
568,30280673,Taylor Seri,621.22,74.55,1
569,25931516,ALLISON  | DIY  Interior Design & Antiques,615.96,73.92,1
570,26546942,Antoinette Faltz-McQueen,611.91,18.36,3
571,24833092,Brooke King,609.98,73.2,3
572,33873508,6782984670823351301,607.97,72.96,2
573,28394987,Ana & Adam | NJ Lifestyle,606.98,62.3,2
574,27918663,Eileen Flores,599.99,72.0,1
575,25515891,Carlie Gracey,599.95,71.99,2
576,35648788,shopwithjoc,598.91,71.87,1
577,33753541,tinalemac,595.13,71.42,1
578,25508302,ashley mcilhinney | new york city,593.99,71.28,1
579,29941214,Marianna Torres,592.37,71.1,7
580,29257408,Tiffanie Richards NYC,591.0,70.92,1
581,26869972,chipmunkmolly,590.0,70.8,1
582,30772058,Racquel Houston,584.38,70.13,2
583,30893293,Tina Torabi,580.98,17.43,2
584,25212200,Heather rose,580.15,69.62,6
585,27231381,Gigi Waun,579.98,17.4,1
586,27262213,Alexandra Demmler,573.99,68.88,3
587,28571900,Jadeybade,570.0,68.4,1
588,28080283,Briana White,569.98,68.4,2
589,29518694,Brindy Hamstra,567.72,68.13,1
590,23835716,Karajlon Dubose,565.98,67.92,1
591,26694432,Kristin Sanchez,561.08,67.33,2
592,28641174,Andrea Fowler,558.24,66.99,3
593,33718901,miqihaven,556.59,77.92,2
594,28894787,Hannah Haynes,555.98,16.68,2
595,31975602,erika  gonzalez,553.78,72.46,2
596,25060504,MARIANNA ABDULLADZE,553.07,16.59,2
597,29114821,thatallgoodmama,551.62,66.19,2
598,29299860,Lauryn Mosby,549.99,66.0,1
599,27007200,Liz Fourez | Love Grows Wild,547.98,16.44,1
600,29445778,Tonye Iyalla,546.97,65.64,4
601,28054625,Elanese Gaines,545.36,65.45,2
602,32512925,Steph Simon,544.64,65.36,4
603,23938724,Cleve Braswell  III,542.98,65.16,3
604,27007184,Victoriana Gittens,541.98,65.04,2
605,34606302,alyssamarciano,541.46,64.97,3
606,30804030,Taylor Mcintyre,540.57,16.22,1
607,27468406,Ms. Odoom,539.99,16.2,1
608,31768618,shantiajefferson,539.96,75.6,1
609,33098911,Kim Stead,534.97,68.1,2
610,25847468,Mikaela Hess,534.65,52.19,2
611,15932945,Madeline Bajczyk,533.22,63.99,2
612,24790554,Ashley Gomez,532.97,63.96,3
613,34955342,hannahbonini7,531.98,63.84,1
614,25311913,Cheryl {thatswhatchesaid.net},531.97,15.96,2
615,28104861,Gatlin Green,529.99,63.6,1
616,15818094,David & Edward,529.99,63.6,1
617,34322623,Briana George,529.96,63.6,3
618,31046157,Daisy Vaisburg,529.96,29.31,2
619,24669262,Brandy Jackson,519.99,62.4,1
620,27190551,Taylor Meadows + River  Summit & Cave,519.45,70.09,5
621,28875691,Blanche Ryder,516.99,65.9,2
622,29849421,shebridecor,515.94,61.92,2
623,28152877,Professor Mint,512.96,61.55,2
624,31866252,Jazmine  Clark,512.95,51.48,4
625,24418599,Stefanie Ann Eadie,510.25,61.24,3
626,27916284,Shelby Pettiford,509.99,61.2,1
627,25463493,jahcelyne Patton,509.42,61.13,1
628,32943716,Kerri Brown,508.0,91.44,1
629,25058229,liadelisle54,502.99,60.36,2
630,25981985,Audrey Barton,502.94,60.36,4
631,27137095,Gracie Gonzalez,500.35,30.35,3
632,25087495,Cassie | Amazon Finds + Casual Style & Decor,499.98,34.8,2
633,29728282,Naia Armstead,496.94,59.63,1
634,26506772,Lili Jullien,495.98,59.52,2
635,30682286,amber  Romero-delgado,493.79,59.26,3
636,28040780,carolina,488.98,58.68,3
637,28942521,REECE WEAVER,484.99,58.2,2
638,28796510,India Mendez,484.9,58.19,2
639,35801645,blushandbanisters,480.0,57.6,1
640,25369546,Lauren,477.97,31.53,3
641,28431792,At Home With Ash - Home Decor Creator,476.44,61.13,6
642,17605614,Amelia Moreira,474.36,57.51,3
643,32929181,_missbt,473.98,56.88,1
644,28153234,Joe & Rachel Stauffer,473.2,56.78,1
645,26682592,Angie Casey,471.0,56.52,1
646,25008053,Tiffany Timmons,467.53,56.1,2
647,33982816,jacquipieroni,467.19,56.06,1
648,12978534,Tecumseh X.,466.98,56.04,1
649,19670072,Gabriela Maria Candelieri,465.49,33.99,5
650,31730235,Brandy Nelson,463.97,64.96,2
651,26068413,Natalie,463.41,55.61,4
652,26559415,Karla,462.4,55.49,1
653,32106171,Samantha Jones,462.39,55.49,2
654,27007434,K A Y L A H🌹,459.99,55.2,1
655,26091487,Laura Chubineh,456.98,35.04,2
656,24578331,Ana Williams,454.97,54.6,2
657,24219854,Kayla Roesch,447.29,19.45,4
658,32902529,michescot7,447.16,62.6,1
659,30208798,Elizabeth Howell,440.11,52.81,3
660,30207568,Jillian Fiorello,439.99,52.8,1
661,29770268,F A I T H   C A V A G E,436.98,52.44,2
662,22679324,jinellah,435.98,13.08,1
663,27069901,Natasha 🇦🇸✊🏾,434.95,38.34,3
664,29466312,madisonhaleybookings,434.7,52.16,1
665,32602371,Aina Kumar,429.99,51.6,1
666,30636479,Chardeney Mason,421.66,25.52,2
667,24242146,Shaquana Dawes,419.94,50.39,2
668,27408690,Adeline Nkonkeng,417.94,50.15,2
669,26599942,ateeba.sheikh,416.22,12.49,1
670,25464945,Amy Kiefer,414.61,49.75,2
671,27030137,Annel Briick,413.26,49.59,1
672,24302681,Christi Reeves | Home•Life•DIY,409.99,49.2,2
673,27925107,ogooslifestyle,405.97,48.72,1
674,35380494,hello,402.58,42.91,2
675,32009853,Well Loved Finds,400.0,48.0,1
676,26267418,Hawa Jay,399.99,48.0,1
677,29696149,Jacqueline  Garcia,399.99,48.0,1
678,35118201,Yasmina Salaymeh,399.63,47.96,2
679,29901368,Madison Brehm,398.98,53.19,4
680,29214789,Tasha Simpson,397.33,47.68,2
681,29805607,Noelle Bertram,394.97,47.4,3
682,25537012,Abby Thome,392.82,18.88,2
683,31959866,katie_donohue,391.1,54.75,1
684,24669814,Cris Zaragoza,389.99,46.8,2
685,26419352,Alli Christine,389.99,46.8,1
686,29082375,faithnicolesocial,389.99,46.8,1
687,34414745,keericamcdonald,389.99,46.8,1
688,28838324,brittanyinwanderland,389.98,11.7,1
689,28931632,malik.dent14,387.0,46.44,1
690,27183880,maceon sheppard,382.12,45.85,1
691,28585067,chanel_shaw98,380.98,45.72,1
692,26775423,Kelli Oka,380.0,45.6,1
693,25776747,ANDELE LARA 🇭🇹,379.99,45.6,1
694,29714945,Sydney Leifson,379.99,45.6,1
695,28746310,Wanda Love,379.99,45.6,1
696,25134510,Stephanie Aguilar,379.99,45.6,1
697,28062933,Maria Simonelli,379.99,45.6,1
698,24276717,hearthheven2023,379.98,45.6,1
699,26947530,Hailee Catalano,377.48,45.3,2
700,24684218,Nicole Burch,375.99,45.12,1
701,26577027,kalenaann16,375.99,45.12,1
702,25776573,Alison McCully,375.99,45.12,1
703,30220044,Raphael Wright,375.99,45.12,1
704,14793131,Sherita Woods,374.99,45.0,6
705,25470959,Kaylee Tidwell,372.98,44.76,2
706,27459647,Sara Mathis,372.9,44.75,4
707,33171227,cozycanvashome,372.08,44.65,22
708,28847494,Velvet Fuller,369.99,44.4,1
709,29087296,Kinah.,369.99,44.4,1
710,28788382,Jane Kim,369.98,44.4,2
711,26045548,LaScotia Pinkney,369.98,11.1,2
712,24792158,Laryssa D Designs,367.95,44.16,1
713,29344309,Sarah C Kring,365.98,10.98,1
714,34605407,lamarhsaunders,364.99,43.8,1
715,29590576,Lyndsey Austyn Fisher,362.97,43.56,2
716,29251832,elainemarieee,361.94,43.43,1
717,13109672,Jess Owens,359.99,43.2,1
718,30343234,Miranda Garavelli,359.99,43.2,1
719,25709662,Jaymee Sire,359.98,43.2,2
720,33341667,hi,359.93,43.19,1
721,30687671,Angie Gulati,356.96,48.43,2
722,28607562,Emily Rosario,355.99,42.72,1
723,28866888,Kate Benjamin,355.98,42.72,2
724,27409659,BerryFaeAriel,353.98,42.48,1
725,24886555,Bianca  Henderson,351.98,49.27,1
726,29442851,Briyonna Perkins,349.98,42.0,2
727,28062497,thicpunky🥰,349.98,42.0,1
728,26274209,Abbey  Nova,348.98,24.42,2
729,26693686,Roxanne Kwiecinski,345.98,32.88,2
730,24789152,Barb Craft,345.38,41.45,3
731,28412422,Brooke Ransom,342.91,41.16,3
732,27429740,Mary Heffernan : Rancher  Beef & Tallow,341.11,44.7,2
733,29997673,Torrie Brown,340.46,40.85,1
734,30687827,_tressaaa,340.0,40.8,1
735,27227131,Stephanie Bonner | Food • Travel • Lifestyle,339.99,40.8,1
736,24288865,Judith Keriopoulos,339.99,40.8,2
737,34222152,haley.white12,339.98,40.8,1
738,32466933,Eden Montgomery,339.96,40.8,2
739,25312770,Frankie Valle,338.99,10.17,1
740,28795439,_anna.michelle,338.99,10.17,1
741,29015009,Angela Charles,335.82,40.3,3
742,30905606,Alyssa Dressler,333.98,40.08,1
743,30933221,Rohelyn Matas,333.17,39.98,1
744,26268070,Madeline Johnson,332.98,39.96,1
745,33712855,Octavia Phillips,332.56,39.91,2
746,27028001,A’Landra Jones,331.98,39.84,1
747,34834727,tahira.thornton,330.82,39.7,2
748,30207769,lyfewithmika,329.99,39.6,1
749,26586341,nikkitorday,329.0,39.48,1
750,33330259,butterpecaon,325.99,39.12,1
751,26206282,flamezbyrizla,324.99,39.0,1
752,28635898,makaylaross Ross,321.97,38.64,1
753,26482026,Yesenia M.,321.3,38.56,1
754,33511459,brianna13010,319.99,38.4,1
755,29237833,Payton Bingley,319.99,38.4,1
756,28099052,jessica mistretta :)) ✭,319.99,38.4,1
757,29212803,Sara Duval,319.73,38.37,3
758,33116985,Aunjanee Evans,318.99,38.28,1
759,24691126,Marina Barghouti,311.97,9.36,1
760,27439508,homewithcressie,309.99,37.2,1
761,25527180,christycapps_,309.99,37.2,1
762,33753709,alishamfranklin,309.99,37.2,1
763,29049295,Bryan Alexis Stylist 🇵🇷,309.98,9.3,1
764,27347890,J E N N Y,305.0,36.6,1
765,28411416,Jaime McKee,303.99,36.48,1
766,28425330,Aimee Elizabeth Bubblis,303.98,36.48,1
767,26586373,eliedelaney,301.98,36.24,3
768,28807469,brooklynnsummers,301.98,36.24,1
769,25768574,Angela  Beechan,301.86,36.22,3
770,24017751,Andrea Nelson | Home Decor Interior Styling Functional Finds,300.79,36.09,1
771,28348426,Riley Moriarity,299.99,36.0,1
772,28948586,jrdz2009,299.99,36.0,1
773,26958627,Lakshmi Bose,299.99,36.0,1
774,31955021,Jennifer Cosentino,298.58,17.96,2
775,26920864,carcabaroad davis,296.99,8.91,1
776,28428453,sandiaguerrier,295.99,41.44,1
777,25486429,Michelle James,294.97,35.4,2
778,27302511,arlindabalidemic,293.99,35.28,1
779,28170637,Stevi  Werner,292.99,35.16,1
780,26375885,alexamharvey,291.98,8.76,1
781,25477554,Jeanine | NYC | Content Creator,290.0,34.8,1
782,30985522,Michaelah  Ducharme,289.99,34.8,1
783,28748093,iammicoledenise,289.99,40.6,1
784,12906283,marysa owings,287.49,34.5,2
785,26264954,Kristine Lo,285.99,34.32,1
786,13569628,Raftyn Rignell,284.78,39.87,3
787,23142944,Rachel Teodoro,284.13,34.1,1
788,28104194,Ejovwoke Dosunmu,282.31,33.88,2
789,26815925,Brittani Monique,281.97,39.48,1
790,25679528,Marcela Cervantes Disney Sweet Stuff,280.0,33.6,1
791,30855968,Nicole Evans,279.99,33.6,1
792,27191462,sunlyn chiraya,279.98,33.6,2
793,26915616,Melissa Sweredoski,278.98,33.48,1
794,17740836,Anne Marie Irey | Affordable Home Decor & Holiday Magic,278.49,33.41,2
795,29699678,malory_jimenez,277.98,8.34,1
796,28978549,Leslie Rioveros,276.99,33.24,1
797,30736004,Amber Blackburn,276.28,38.68,1
798,26693269,Savannah Kerin,275.99,33.12,1
799,27383780,tabitharobbins,275.98,8.28,1
800,29315196,Christine Kohut: Design Ninja,274.99,33.0,1
801,18005034,Brooke Kudrick,273.36,32.8,1
802,26629730,olivia brink,272.98,32.76,2
803,26595363,Sydney Kaplan,272.94,32.75,2
804,26870432,Marina Lancellotta,271.98,32.64,2
805,24866084,bloomandflourishinteriors,269.99,32.4,1
806,27109020,Keara Douglas,264.96,37.1,1
807,25381824,carolina Lopez,260.81,31.3,2
808,29179874,Manny Espinoza,260.3,31.24,1
809,30985783,Brittany Yeahl,259.97,31.2,3
810,18292777,C H E L S E A | 𝖜𝖊𝖑𝖈𝖔𝖒𝖊 𝖙𝖔 𝐇 𝐎 𝐔 𝐒 𝐄 𝐋 𝐀 𝐍 𝐃 𝐄 𝐑,259.27,31.12,2
811,25679535,Kristy Leo,256.8,16.5,3
812,31266421,Nicole Ward,256.1,30.73,1
813,25838828,Lexi Tobin,254.99,30.6,1
814,33229996,timelesshomeedit,252.99,7.59,3
815,34874484,domim.creator,252.0,7.56,1
816,28152806,LINDI🫒✨,251.99,30.24,1
817,27285374,Jackielyn  Espiritu,251.97,7.56,2
818,26954803,chayce | UGC,250.19,30.02,1
819,27927396,Courtney Thibodeaux,249.99,30.0,1
820,27431625,Patty Gill• Empty Nest RVers • Travel Couple,249.99,30.0,1
821,30678399,herladygigs,249.99,30.0,1
822,26266798,Anna Terry,249.99,30.0,1
823,28572149,angela.liannn,249.99,30.0,1
824,27285241,erica,249.99,30.0,1
825,25980014,Nohea Sentenac,249.98,30.0,1
826,26661540,TIFFANY,249.07,29.89,1
827,34720108,Moriah Johnson,249.0,29.88,1
828,28152461,Ann Kathleen,248.99,29.88,1
829,25500708,✰KENZEY CALDERONE✰,248.97,7.47,2
830,28996523,DONTCH Charles,248.76,12.43,2
831,26161071,Molly Saint,245.98,29.52,4
832,24799423,Allison Mathis,245.97,29.52,2
833,28089967,Rhiana Raymundo Rangel,243.99,34.16,1
834,27398626,sydstcyr,243.99,7.32,1
835,27903885,brooke.l.mcreynolds,243.87,43.9,1
836,32634427,beatrizc619,243.18,29.18,2
837,24255813,jasmine Young,242.98,18.81,3
838,30635554,Melina Santos,239.99,33.6,1
839,25479853,Mila Ivanov,239.99,7.2,1
840,35536959,everyholidaywithevelyn,239.96,24.92,3
841,29069041,Talia Foster,238.0,28.56,1
842,30199789,Jessica Salas,236.99,28.44,2
843,32351892,Paajzaub Yang,236.98,28.44,1
844,24812950,Adrian Elia,234.99,28.2,1
845,29539402,Antonia Curtis,233.99,28.08,1
846,26082685,Lisa Davis,233.99,28.08,1
847,18288031,Brad Royce,233.96,28.08,2
848,25524844,Krista Duce,231.98,6.96,1
849,27024344,Alyssa Alexander,230.97,27.72,1
850,23561393,Kristen  Ontiveros,230.0,27.6,1
851,24440337,Jenna Piemonte,230.0,27.6,1
852,29206121,keyonceeb,229.99,27.6,1
853,28962906,Kenny King Jr.,229.99,27.6,1
854,29654646,Devyn King,229.99,27.6,1
855,16534267,Debra J Cappuccio,228.98,27.48,2
856,28170428,naturally_nex,228.58,27.43,1
857,29168566,Erica Chan Stenvall,227.99,31.92,1
858,28348259,Mayra Dalisaღ,227.99,27.36,1
859,30824948,thais__thais,226.98,27.24,1
860,21660728,kelly.ratcliffe,225.99,27.12,1
861,33176557,Vasulunashyshka,222.99,26.76,1
862,26908094,rebeccakellye,221.39,26.57,1
863,31953857,doublespringok,220.98,26.52,1
864,23198472,Dzanina Tahirovic,220.98,26.52,5
865,30754879,whendee99,219.99,26.4,1
866,28894792,Etienne Najman,219.99,26.4,1
867,28585836,Emelia Cellura,219.99,26.4,1
868,13735959,Camille Lai,219.98,26.4,1
869,29083830,Hollie Choules,219.98,6.6,1
870,23209769,Sarah Haley,217.98,6.54,1
871,33179363,lcgardner.mgmt,216.99,26.04,1
872,33871476,Trinity  Bryant,216.99,6.51,1
873,26296237,Ashley Barnes,216.99,26.04,1
874,27178115,Erin Harper,216.98,26.04,3
875,28793226,Prerna Sivadas,216.98,6.51,2
876,34174272,evette8145,215.99,25.92,1
877,26134051,Liane Burger,213.94,25.68,2
878,26659341,Maria Roberts,212.98,6.39,2
879,26190823,Catherine,210.49,25.26,1
880,28438761,Miranda Ferrante,209.99,25.2,1
881,27140136,Abby Bruff,209.99,25.2,1
882,22936254,samanthaberkugc,209.97,25.2,1
883,29407285,Sanjay Nayak,206.99,6.21,2
884,28645608,Meilani Edwards,206.98,24.84,1
885,33228849,Chrysa Duran,206.6,21.18,2
886,27468647,Summer—Therapy Cat  Model  Celebrity & Blogger,205.98,24.72,2
887,26954764,𝕁𝕒𝕟𝕖’𝕝𝕝𝕖 𝕠𝕗 𝔸𝕃𝕃 𝕥𝕣𝕒𝕕𝕖𝕤,204.98,6.15,2
888,25135838,Emily Barlow | Home & Food Blogger,203.97,24.48,2
889,28127951,Ana Espin,201.98,26.34,2
890,30034661,partnerwmonique,199.99,24.0,1
891,29769918,Megha Patel,199.99,24.0,1
892,27067835,Mandie Kaii,199.99,24.0,1
893,17503700,Marissa Fidler | Home + Holiday,199.95,23.99,1
894,31909790,Lone Ko,198.86,23.86,1
895,25468646,SABRINA MARIE,197.98,23.76,1
896,31278435,diazkelly.2020,197.89,23.75,1
897,29050104,Paula Miquiabas,195.49,23.46,1
898,29406704,chantellstylez,193.99,23.28,1
899,27007160,Kendall Spell,193.98,23.28,2
900,30100825,Valeria Gisel,191.79,23.02,1
901,33983037,thehomebodybabe,191.24,22.95,1
902,27142361,Alexis Luna,190.96,22.92,1
903,33983154,allthingsshellshab,189.99,22.8,1
904,23481873,Joidon Jennings,189.99,22.8,1
905,29871016,tahleiasherree,189.99,22.8,1
906,28631011,Mykel Pay,189.99,22.8,1
907,25711537,shyla cino,189.99,22.8,1
908,30284317,I’m Just A Girl. 💕👸🏽,189.99,5.7,1
909,26769801,Jessica Hentges,189.97,24.08,2
910,29205437,claritywithkhal,189.0,22.68,1
911,25512128,Christopher T Nalls,188.99,22.68,1
912,25496084,Sushana Cole,188.96,22.68,3
913,26944255,Christy Komorowski,187.99,22.56,1
914,25722827,Steffi | Apartment Styling,187.19,22.46,1
915,28466443,ds_review,185.99,22.32,1
916,32106735,kaliebyrd19,185.98,22.32,1
917,29390150,hungryindallas,185.0,22.2,1
918,28608776,Erin Denson,181.99,21.84,1
919,27772132,Abby Williams Bowman,179.99,5.4,1
920,25980002,Lindsey Weaver,178.76,12.45,3
921,24241209,Dana Vento,176.98,23.84,3
922,25527063,Emily Giangreco,175.97,22.26,3
923,29485487,Destiny Rosa,174.99,5.25,1
924,28936103,Carrie harrell,174.99,21.0,1
925,28037282,Laura Benson,174.59,20.95,1
926,23914584,lifeonblueberryhill,174.04,20.89,1
927,29696500,Sallam Still,173.99,20.88,1
928,28485920,Gabrielle Silva,173.99,20.88,1
929,28421496,👩‍🎨𝕜𝕒𝕥𝕚𝕦𝕤𝕜𝕒,173.98,5.22,1
930,26559408,Cynthia Lee | UGC Creator + Creative Strategist,172.99,20.76,1
931,25481718,Green Bay Packers Fan Page,170.99,20.52,1
932,30495182,Christina Guerrero,169.0,20.28,1
933,30017990,Asia Danielle ♡,168.99,20.28,1
934,27195658,aspen_cierra,167.99,20.16,1
935,31261983,Dayna Godsey,165.96,19.92,1
936,27182821,Laura Alvarez - Decorated cookies,164.99,19.8,1
937,26063958,Gabriela Escalante,164.1,19.69,1
938,33599361,Ana Rodriguez,163.99,19.68,1
939,32719781,simplysaimaa1,159.99,19.2,1
940,31236423,Danae Cole,159.99,19.2,1
941,29035939,𝐌𝐚𝐠𝐠𝐢𝐞 𝐋𝐢𝐧,159.99,19.2,1
942,28172501,Abby Richards,159.99,19.2,1
943,28343387,Molly Heise,159.99,19.2,1
944,25087501,JAMIE THORPE | FASHION | LIFESTYLE | HOME DECOR | HEALTHY LIVING,159.0,19.08,1
945,26190857,Aron Cohen,158.99,4.77,1
946,30751849,diana,157.97,18.96,3
947,35379980,erinmugc,157.41,18.89,1
948,25516875,AUDREY ATIENZA,157.2,18.86,1
949,32725649,simplyneutralblog,157.0,18.84,1
950,27574713,Kimberly Smith,156.99,18.84,1
951,29431856,Kim Stoll,156.99,18.84,1
952,28641946,Kimberly Hoff,156.95,18.84,1
953,34911058,taylorcota24,156.79,18.82,1
954,29095382,ccakefacecait,155.99,18.72,1
955,28700949,Julie & David Bulitt| Relationship and Marriage Coaches,154.99,18.6,1
956,25611480,Priya Lawrance,154.99,18.6,1
957,29036806,Isa,154.28,18.51,1
958,31905303,lovedbyalijoy,153.99,18.48,2
959,25518417,Alynne | home decor + interior styling,151.99,18.24,1
960,19913924,Danielle Cabral,150.13,18.02,1
961,32111074,Krystal Underwood,149.99,18.0,1
962,29756474,Katina Qualls,149.99,21.0,1
963,29081908,Amanda,149.99,18.0,1
964,34406670,sheila.pan,149.99,18.0,1
965,27461956,Karen Lao,149.45,17.93,1
966,28595536,atourtable_,147.99,17.76,1
967,25091590,Tiffany Clark,147.99,17.76,1
968,33565975,MIRANDA Bristol,147.97,17.76,2
969,24418821,Lindsay Carter,146.42,17.57,1
970,27461069,Dippan Patel,145.99,17.52,1
971,25516897,Cynthia McKinley,145.97,17.52,2
972,31233349,reynosoyajaira21,145.5,17.46,1
973,26296101,Amy Romfo,143.98,17.28,2
974,28978436,jadynalexischandler,142.99,17.16,1
975,35633232,sydney.thewardhome,139.99,4.2,1
976,25318371,Bianca Garcia,139.99,16.8,1
977,28938891,Sophia,139.99,16.8,1
978,26497849,Nicole | Content Creator,139.99,16.8,1
979,26438802,alainelimjoco,139.49,16.74,1
980,24691140,Angie Ivie,139.37,16.72,1
981,31414438,philipnvu,138.99,16.68,1
982,35052109,eileenvent,138.56,16.63,1
983,28071539,Julia Morales Clark,138.0,16.56,1
984,24812860,Brooke Lauren,137.99,4.14,1
985,28107902,THE OFFICIAL PAGE OF THE OTEROS 🤍,135.99,16.32,1
986,25548136,theresa Coleman,135.99,16.32,1
987,28806319,Rachel Phillips,135.98,16.32,1
988,29072280,texasbeautyxoxo1,135.63,7.55,2
989,27603625,Taylor-Alexis Gillard,135.63,16.28,3
990,27193255,VICTORIA ROBERTS,134.39,16.13,1
991,28145901,junemarinette,133.98,16.08,1
992,12757347,Prerna Satija,133.23,15.99,1
993,26743234,Jessica Hamm,133.07,15.97,1
994,26686748,Linda McDonald,130.97,15.72,2
995,26265159,Linda Preen,129.99,15.6,1
996,28807497,S A N D R A  • FITNESS & MOMMAHOOD,129.99,18.2,1
997,33233582,Veronica Else,129.96,15.6,1
998,33344305,Rabia Sadaqa,128.79,15.46,1
999,26251884,bailey,127.98,15.36,2
1000,26253147,Jenn /CREATIVE VISIONARY,126.98,15.23,1
1001,26981982,kyleebutnotjenner_,126.57,15.19,1
1002,28987722,Brianna Pecora,125.99,15.12,1
1003,24790345,Lindsey Ressler,125.99,15.12,1
1004,34710529,cozymollyhome,124.99,15.0,1
1005,29154659,Maggie Ly,123.19,14.78,1
1006,28864948,jess,122.99,14.76,1
1007,23914612,GRACE | Home Decor & Interior Design,122.34,14.68,3
1008,24445789,Sheena  Deans,121.99,3.66,1
1009,27079603,Takisha | Everyday Nesbitt,120.97,14.52,1
1010,31500550,asmonikalh,120.54,14.47,2
1011,31962632,Kelsi Rus,119.99,14.4,1
1012,25480502,Maddie Cheatham,119.85,14.38,1
1013,26409284,ggduronio,119.19,3.58,1
1014,12895088,Amanda West,118.99,14.28,1
1015,29446506,semrauavehome,118.99,3.57,1
1016,27070661,maclainem,118.99,14.28,1
1017,27167199,Nicole Dhillon,117.99,14.16,1
1018,27410450,Dani Benjamin,116.99,14.04,1
1019,25588453,Ashley McLaughlin,115.99,13.92,1
1020,25006130,Tαɾα |Blogger  Home Decor formerly Live.Love.Shiplap,113.99,13.68,1
1021,28396965,Frances Carpenter,112.75,13.53,1
1022,34332450,simplethingsmadebeautiful,109.99,3.3,1
1023,29193122,Jacob Austin,108.91,15.25,2
1024,25478309,Mary Darnall,108.33,13.0,3
1025,28739079,Isis ferrer,107.99,12.96,1
1026,25312825,Doris | Houston Motherhood • Lifestyle • Food,106.14,12.74,1
1027,25635707,Erin Szoch,105.99,12.72,1
1028,27581046,Rasha Nicole Jackson,105.78,12.69,1
1029,27007598,Ava Jett,105.49,12.66,2
1030,29100965,Brittany Beckworth,103.97,12.48,1
1031,29756651,Annica Baker,102.99,12.36,1
1032,26423048,Lael Mitchell,101.59,12.19,1
1033,26108838,zturn02,100.0,0.0,1
1034,30704225,lydiathecreative,99.99,12.0,1
1035,27398688,Kaelyn Dannenfelser,98.99,11.88,1
1036,31933153,jenvasquezher,97.99,11.76,1
1037,26265454,Kelly Reci,96.77,11.61,1
1038,26508435,Jackie McEwan,95.75,11.49,1
1039,19562140,Megan Ruffles,95.23,11.43,2
1040,22140514,Isabella Lucena,92.99,11.16,1
1041,25111321,cjdias11,91.99,11.04,1
1042,29213688,ellierei101,91.99,11.04,1
1043,35045924,nyctails.info,91.98,11.04,1
1044,27447155,Kimora Branch,91.42,10.97,1
1045,34466955,belleandmortar,89.99,10.8,1
1046,25091588,Elaine Citro,89.98,10.8,2
1047,30766890,plouffes,88.97,10.68,2
1048,30635193,Dana Garth,85.98,2.58,1
1049,28173227,Adrianna Clark,84.85,10.18,1
1050,26794998,Laura Wilfon,84.79,10.18,1
1051,26271323,Trisha | Homeschool + Motherhood,83.99,10.08,1
1052,32940771,Lana Hewitt,83.99,2.52,1
1053,20663274,Christina Hushen,83.97,2.52,2
1054,13653764,Prity Biswas,83.97,2.52,1
1055,25783610,Lindy G,79.99,9.6,1
1056,25476066,Lidia Plascencia,79.14,4.1,3
1057,29755752,Irma Villafranca,78.99,9.48,1
1058,28872637,Dana Cole,78.75,9.45,1
1059,25679442,Sakshi Gupta,78.38,9.41,1
1060,29070068,dolly_nails275,77.99,9.36,1
1061,28421340,Nathalia Ramos,76.05,2.28,1
1062,31252135,renauandco,73.99,8.88,2
1063,26267847,Lorna - San Francisco Blogger,73.99,8.88,1
1064,35092227,Sarah Murphy,73.7,8.85,1
1065,29950115,Susana  Lopez,73.0,8.76,3
1066,23198856,Lawanda Stevenson,72.99,2.19,1
1067,26314966,Jacqueline Combs,72.99,8.76,2
1068,26295976,BEATA RODRIGUEZ,72.95,2.19,1
1069,26297653,Rebecca Nicola | THKH,72.9,8.75,1
1070,26293869,Jennifer Scott,69.99,8.4,1
1071,32075255,collabwith.ashleysnider,69.99,8.4,1
1072,26296391,Ali Grace Morsell,69.99,8.4,1
1073,28079226,𝐌𝐎𝐂𝐇𝐈 🐶,69.59,8.35,1
1074,28135957,Paloma,67.99,8.16,1
1075,29510986,Vicky Kim,64.99,7.8,1
1076,27185859,Mackenzie Burgess  RDN | Culinary + Media Dietitian,63.99,7.68,1
1077,26947218,Morgan Piatt,63.99,7.68,1
1078,25980043,Joanna  Manning,63.99,7.68,1
1079,13131325,greenssweethome,62.98,7.56,1
1080,29700984,Dacia Redmond,62.98,7.56,1
1081,29132547,August,62.24,7.47,1
1082,28591472,Justin Tucker,59.99,7.2,1
1083,31221528,Deirdre Duddy-Kennedy,59.99,7.2,1
1084,22043180,Zane Platt-Faulkner,59.99,7.2,1
1085,24669503,Janis Brett Elspas,59.99,7.2,1
1086,28116523,Shea Glaser,59.0,7.08,1
1087,29406555,Jacqueline Gonzalez,58.99,7.08,1
1088,26265166,Jasmine Fairley,58.29,6.99,1
1089,25535077,Taylor,56.52,6.78,1
1090,26586056,Diamond Beckford,55.99,6.72,1
1091,26940121,COURTNEY DAVENPORT,55.99,6.72,1
1092,12538386,Sarah DuBois,54.99,1.65,1
1093,27178628,Emily | CHICAGOLAND CREATOR,54.99,6.6,1
1094,30509671,Hannah Lee,53.86,6.46,1
1095,25108677,amy pugh,52.98,1.59,1
1096,29095536,brendaa.chan,51.99,6.24,1
1097,26068397,Shark's Bites Of Life,49.99,6.0,1
1098,35198849,alisonmperry,49.98,6.0,1
1099,24445783,Shinta Brown,49.33,5.92,1
1100,27604281,Marta Montalvo,48.4,5.81,1
1101,30290609,Jordan Harkins,47.99,5.76,1
1102,26297430,Shannon Hale,47.98,5.76,1
1103,33057491,andreagonher,46.99,1.41,1
1104,32034419,K James,43.99,5.28,1
1105,23400092,Meg Leonard • Design & Renovations • Style,42.12,5.06,1
1106,29189657,Peggy Hiemer,39.99,4.8,1
1107,35470296,tena.amber,39.63,4.76,1
1108,26267107,Dani Shearer,37.59,4.51,1
1109,29473184,Laura Tancredi,36.99,4.44,2
1110,26954966,Quintiara ford,35.99,4.32,2
1111,27457888,Michelle Solomon | Recipes & Homemaking,34.04,4.09,1
1112,26648954,corcoran.designs,32.98,3.96,1
1113,29173157,Gona Foster,30.99,0.93,1
1114,28792133,Sierra Edwards,29.99,0.9,1
1115,30763825,Lucas Herren,29.99,3.6,1
1116,28399585,stephaniemullins06,29.99,3.6,2
1117,34815050,a.tayloredhomeco,29.0,3.48,1
1118,29447910,yumlabels,27.82,3.34,1
1119,25534963,Cass | home&motherhood,24.99,3.0,1
1120,30770303,Maggie Stacey,24.09,2.89,1
1121,22946442,Selene Builds Things • DIY • Design & Build,23.99,2.88,1
1122,35267841,Cindy and Dylan McNicol,22.99,0.69,1
1123,34326958,tarundacw,22.49,2.7,1
1124,26948514,Erin Drotleff,21.99,3.08,1
1125,26268744,Tresha J. A. - Home Finds & DIY Decor Ideas,6.0,0.18,1
1126,30200065,tashanghiem,5.0,0.6,1
1127,34668626,Ivy Arbolado,4.22,0.51,1
1128,25315564,Ulyana Pshyk,0.0,0.0,1
1129,25312864,Laura Pizzuti | Fashion & Style,0.0,0.0,1
1130,31905598,Wayfair  Team Member,0.0,0.0,1
1131,35208463,thedubsquads,0.0,0.0,1
1132,23754041,heatherlynnfl,0.0,0.0,2
1133,27177438,Delaney Zollman,0.0,0.0,4
1134,32600083,maddiecooksaunders,0.0,0.0,1
1135,17564598,Jill Crowe,0.0,0.0,1
1136,26264029,belle (miller) grubb,0.0,0.0,1
1137,28539493,Linda Wolfe,0.0,0.0,1
1138,28413627,Alaysia Je’,0.0,0.0,1
1139,27604142,Julie,0.0,0.0,4
1140,20309276,Tatyana Avramenko,0.0,0.0,1
1141,28862220,Sam Adler | Food Photography & Styling,0.0,0.0,1
1142,27108983,Lindsay Morgan Knappenberger,0.0,0.0,1
1143,13010409,Medina Colaku,0.0,0.0,2
1144,29496281,alexa jo palmer,0.0,0.0,1
1145,28413399,kamrynnnrose,0.0,0.0,2
1146,28556527,tia.mariexo,0.0,0.0,1
1147,26253481,Chelsea Greer,0.0,0.0,2
1148,29887561,natalie.j.christensen,0.0,0.0,1
1149,26419401,Anner Turner,0.0,0.0,2
1150,27082433,Hayley Stell,0.0,0.0,1
1151,28070837,Laura Reyna,0.0,0.0,1
1152,26293507,Desiree Fairchild,0.0,0.0,2
1153,24790545,Brittany Shepard,0.0,0.0,1
1154,28342322,Joe Miragliotta,0.0,0.0,1
1155,26701477,Diana Suarez,0.0,0.0,1
1156,23178283,Trilby Papineau,0.0,0.0,1
1157,23199493,Karen Rosenick,0.0,0.0,3
1158,27175139,Catherine Grassel,0.0,0.0,1
1159,26267444,Elaine Casella,0.0,0.0,2
1160,25711557,Ashley Bernal,0.0,0.0,1
1161,33718254,mkettle09,0.0,0.0,1
1162,28987696,elliekairys,0.0,0.0,1
1163,28403403,Jose Paula,0.0,0.0,1
1164,28873017,clawoolst,0.0,0.0,1
1165,32612831,Claudia Araujo,0.0,0.0,2
1166,27137098,Nailah C,0.0,0.0,1
1167,33982917,kelly busia,0.0,0.0,1
1168,29285206,Anokhi Parikh,0.0,0.0,1
1169,29286548,Bucket List World Travel,0.0,0.0,1
1170,27581353,Ruby Gomez,0.0,0.0,1
1171,25007460,Alexandria Andrews,0.0,0.0,1
1172,27578071,Jennifer Castille 🥳🪩💖,0.0,0.0,1
1173,25936352,Rosa Yungen,0.0,0.0,2
1174,28071017,seanchris,0.0,0.0,1
1175,27914890,Milaneya Karcha,0.0,0.0,1
1176,34023522,sanjtoribio,0.0,0.0,1
1177,23216087,Alesia Patnode,0.0,0.0,1
1178,24518531,Alexia Reina Mubayiwa,0.0,0.0,1
1179,22898470,lisamillerinreallife,0.0,0.0,1
1180,29732630,Stephanie Sandoval,0.0,0.0,1
1181,34056290,thevintagestyle1,0.0,0.0,3
1182,26794287,Christa Carter-Williams,0.0,0.0,1
