url_key,content_url,selection_date,creator_name_selected,platform
instagram:ds6tnbsjdci,https://www.instagram.com/reel/DS6TnBSjDCI,2025-01-08,tannesiavs,YT Shorts
instagram:ds54cmgd7yn,https://www.instagram.com/reel/DS54cMGD7yN,2025-01-08,lorddgreat,YT Shorts
instagram:ds3npwfjtej,https://www.instagram.com/reel/DS3NpWFjtEJ,2025-01-08,breiana_duncan,YT Shorts
instagram:ds2p6xhkz-3,https://www.instagram.com/reel/DS2p6xHkZ-3,2025-01-08,uptwnchris,YT Shorts
instagram:ds2g7cdjohe,https://www.instagram.com/reel/DS2g7cdjoHe,2025-01-08,destn8tion,YT Shorts
instagram:ds2ypsvajri,https://www.instagram.com/reel/DS2YpSVAJri,2025-01-08,simply40north,YT Shorts
instagram:ds0pxcmeejp,https://www.instagram.com/reel/DS0pxCmEejp,2025-01-08,ohheydiamond,YT Shorts
instagram:dsynq2tef_3,https://www.instagram.com/reel/DSyNQ2TEf_3,2025-01-08,thetidytrendy,YT Shorts
instagram:dsx_rzriedo,https://www.instagram.com/reel/DSx_rzrieDO,2025-01-08,stsweethome,YT Shorts
instagram:dsva1mzdbwp,https://www.instagram.com/reel/DSvA1MZDbwp,2025-01-08,j_anthony910,YT Shorts
instagram:dsnhepajwih,https://www.instagram.com/reel/DSnhEpajwIh,2025-01-08,allthingshomefashion,YT Shorts
instagram:ds5oyw-eeci,https://www.instagram.com/reel/DS5Oyw-EeCi,2025-01-08,reallyrians,YT Shorts
tiktok:7565442034215980318,https://www.tiktok.com/@omgnunu/video/7565442034215980318?is_from_webapp=1&sender_device=pc,2026-01-05,omgnunu,TikTok
tiktok:7568707707776126239,https://www.tiktok.com/@simplyilma_/video/7568707707776126239?lang=en,2026-01-05,simplyilma_,TikTok
tiktok:7589846444543184141,https://www.tiktok.com/@allaboutmicha/video/7589846444543184141?lang=en,2026-01-06,allaboutmicha,TikTok
tiktok:7539227319311846686,https://www.tiktok.com/@robinwarz.interiors/video/7539227319311846686?lang=en,2026-01-06,robinwarz.interiors,TikTok
tiktok:7589842246309006623,https://www.tiktok.com/@tannesias/video/7589842246309006623?lang=en,2026-01-12,tannesias,TikTok
tiktok:7593843416459447565,https://www.tiktok.com/@dailywithad/video/7593843416459447565?lang=en,2026-01-13,dailywithad,TikTok
tiktok:7552621985860259102,https://www.tiktok.com/@reallyrians/video/7552621985860259102?lang=en,2026-01-15,reallyrians,TikTok
tiktok:7595637865862696206,tiktok.com/@abraujewelry/video/7595637865862696206/,2026-01-16,abraujewelry,TikTok
tiktok:7596451557118430494,https://www.tiktok.com/@tamaramariexoxo/video/7596451557118430494?q=wayfair%20valentines%20day&t=1769009552324,2026-01-21,tamaramariexoxo,Tiktok
url:www.pinterest.com/pin/493566440434518525,https://www.pinterest.com/pin/493566440434518525/,2026-02-03,MaeSitler,Pinterest
url:www.pinterest.com/pin/647322146482896632,https://www.pinterest.com/pin/647322146482896632/,2026-02-03,AStylzFashion,Pinterest
url:www.pinterest.com/pin/507569820525401848,https://www.pinterest.com/pin/507569820525401848/,2026-02-03,reallyrians,Pinterest
url:www.pinterest.com/pin/223631937742555937,https://www.pinterest.com/pin/223631937742555937/,2026-02-03,brookeranz,Pinterest
url:www.pinterest.com/pin/18084835998862024,https://www.pinterest.com/pin/18084835998862024/,2026-02-03,deonewatkins,Pinterest
url:www.pinterest.com/pin/153192824821091025,https://www.pinterest.com/pin/153192824821091025/,2026-02-03,emilyaharrah,Pinterest
url:www.pinterest.com/pin/271975264992876602,https://www.pinterest.com/pin/271975264992876602/,2026-02-03,tarajanestyle,Pinterest
url:www.pinterest.com/pin/443745369556582152,https://www.pinterest.com/pin/443745369556582152/,2026-02-03,omgnunu,Pinterest
url:www.pinterest.com/pin/522347256803925626,https://www.pinterest.com/pin/522347256803925626/,2026-02-03,boredmomsite,Pinterest
url:www.pinterest.com/pin/507569820525301967,https://www.pinterest.com/pin/507569820525301967/,2026-02-03,reallyrians,Pinterest
url:www.pinterest.com/pin/972918325762556986,https://www.pinterest.com/pin/972918325762556986/,2026-02-03,finding_your_aesthetic,Pinterest
url:www.pinterest.com/pin/37295503160347863,https://www.pinterest.com/pin/37295503160347863/,2026-02-03,ladyofashion,Pinterest
url:www.pinterest.com/pin/397301998398940372,https://www.pinterest.com/pin/397301998398940372/,2026-02-24,allurebycher,Pinterest
url:www.pinterest.com/pin/14003448837695649,https://www.pinterest.com/pin/14003448837695649/,2026-02-24,yourdesignerbff,Pinterest
url:www.pinterest.com/pin/14003448837692693,https://www.pinterest.com/pin/14003448837692693/,2026-02-24,yourdesignerbff,Pinterest
url:www.pinterest.com/pin/415808978117232433,https://www.pinterest.com/pin/415808978117232433/,2026-02-24,oiwajoyce01,Pinterest
url:www.pinterest.com/pin/1131670212633853468,https://www.pinterest.com/pin/1131670212633853468/,2026-02-24,triedandtruemomlife,Pinterest
url:www.pinterest.com/pin/1064538430678060689,https://www.pinterest.com/pin/1064538430678060689/,2026-02-24,carrieithomedecor,Pinterest
url:www.pinterest.com/pin/14003448837776586,https://www.pinterest.com/pin/14003448837776586/,2026-02-24,yourdesignerbff,Pinterest
url:www.pinterest.com/pin/1064538430678060679,https://www.pinterest.com/pin/1064538430678060679/,2026-02-24,carrieithomedecor,Pinterest
url:www.pinterest.com/pin/1064538430678060668,https://www.pinterest.com/pin/1064538430678060668/,2026-02-24,carrieithomedecor,Pinterest
url:www.pinterest.com/pin/1064538430678060564,https://www.pinterest.com/pin/1064538430678060564/,2026-02-24,carrieithomedecor,Pinterest
url:www.pinterest.com/pin/14003448837633849,https://www.pinterest.com/pin/14003448837633849/,2026-02-24,yourdesignerbff,Pinterest
url:www.pinterest.com/pin/1064538430678060876,https://www.pinterest.com/pin/1064538430678060876/,2026-02-24,carrieithomedecor,Pinterest
url:www.pinterest.com/pin/633387444027640,https://www.pinterest.com/pin/633387444027640/,2026-02-25,BabyGonzila,Pinterest
url:www.pinterest.com/pin/1064538430679906871,https://www.pinterest.com/pin/1064538430679906871/,2026-02-25,carrieithomedecor,Pinterest
url:www.pinterest.com/pin/124341639708938671,https://www.pinterest.com/pin/124341639708938671/,2026-02-25,CozyOnCottonCreek,Pinterest
url:www.pinterest.com/pin/415808978117555291,https://www.pinterest.com/pin/415808978117555291/,2026-02-25,oiwajoyce01,Pinterest
url:www.pinterest.com/pin/153192824820954223,https://www.pinterest.com/pin/153192824820954223/,2026-02-25,emilyaharrah,Pinterest
url:www.pinterest.com/pin/223631937742406759,https://www.pinterest.com/pin/223631937742406759/,2026-02-25,brookeranz,Pinterest
url:www.pinterest.com/pin/137430226133887169,https://www.pinterest.com/pin/137430226133887169/,2026-02-25,ashdelore,Pinterest
url:www.instagram.com/reels/dvrxl-getjr,https://www.instagram.com/reels/DVRXL-gETJR/,2026-03-02,made.by.madeline.design,Instagram
url:www.instagram.com/reels/dvxuimpjkn8,https://www.instagram.com/reels/DVXUiMPjKn8/,2026-03-02,yourdesignerbff,Instagram
url:www.instagram.com/reels/dvwwzn3gxul,https://www.instagram.com/reels/DVWwzn3gXuL/,2026-03-02,carrieithome,Instagram
url:www.instagram.com/reels/dvv9v4udaxv,https://www.instagram.com/reels/DVV9v4UDaxV/,2026-03-02,outfitsbyashley,Instagram
url:www.instagram.com/reels/dvwigryejto,https://www.instagram.com/reels/DVWiGRYEjTo/,2026-03-02,atouchofsimplicitybyrana,Instagram
url:www.instagram.com/reels/dvwhpj0doh-,https://www.instagram.com/reels/DVWHpJ0DOH-/,2026-03-02,beesnburlap,Instagram
url:www.instagram.com/reels/dvwbfvzeuyx,https://www.instagram.com/reels/DVWBFvzEUyX/,2026-03-02,hamiltonhaven5,Instagram
url:www.instagram.com/reels/dvq_ytudjfd,https://www.instagram.com/reels/DVQ_yTuDjfd/,2026-03-02,lafevreliving1,Instagram
url:www.instagram.com/reels/dvsqqqkky0b,https://www.instagram.com/reels/DVSQqQKkY0B/,2026-03-02,devinawyatt,Instagram
url:www.instagram.com/reels/dvpboktkf6x,https://www.instagram.com/reels/DVPBoktkf6X/,2026-03-02,arabellasourglow,Instagram
url:www.instagram.com/reels/dvqa3ase33z,https://www.instagram.com/reels/DVQA3ASE33Z/,2026-03-02,jaylaferrell_,Instagram
url:www.instagram.com/reels/dvozgszezhm,https://www.instagram.com/reels/DVOzgsZEZHm/,2026-03-02,thetidytrendy,Instagram
url:www.instagram.com/reels/dvmevvnkx9k,https://www.instagram.com/reels/DVMEVVNkX9k/,2026-03-02,inspirationbycp,Instagram
url:www.instagram.com/reels/dvlx_7zdnxz,https://www.instagram.com/reels/DVLx_7zDnXZ/,2026-03-02,dzaninatahirovic,Instagram
url:www.instagram.com/reels/dvlteteeqwk,https://www.instagram.com/reels/DVLteteEQwK/,2026-03-02,finding_your_aesthetic,Instagram
url:www.instagram.com/reels/dvkbglvet5n,https://www.instagram.com/reels/DVKbgLVET5n/,2026-03-02,ourcozycolonialct,Instagram
url:www.instagram.com/reels/dvhhwmykvwe,https://www.instagram.com/reels/DVHHWMYkVWE/,2026-03-02,sweethomeology,Instagram
url:www.instagram.com/reels/dvbomttkrfs,https://www.instagram.com/reels/DVbOMttkRfS/,2026-03-03,homebodywithforlisa,Instagram
url:www.instagram.com/reels/dvbx1-ckfxn,https://www.instagram.com/reels/DVbX1-ckfxn/,2026-03-03,howwedo208,Instagram
url:www.instagram.com/reels/dvzb25xkyii,https://www.instagram.com/reels/DVZB25xkYIi/,2026-03-03,jalyssa_doubleu,Instagram
url:www.instagram.com/reels/dvyl0jndnqx,https://www.instagram.com/reels/DVYl0jnDnqx//,2026-03-03,pinchmeimhome,Instagram
url:www.instagram.com/reels/dvbtz2zgzmv,https://www.instagram.com/reels/DVbtZ2ZgZMV/,2026-03-03,onesqftatime,Instagram
url:www.instagram.com/reels/dvyrzt7k07a,https://www.instagram.com/reels/DVyRZT7k07a/,2026-03-13,chilldesignsbyjess,Instagram
url:www.instagram.com/reels/dvtgh1njwvd,https://www.instagram.com/reels/DVtGH1NjWVD/,2026-03-13,itsjoycecreates,Instagram
url:www.instagram.com/reels/dvkmid5jcx2,https://www.instagram.com/reels/DVkmId5jcX2/,2026-03-13,layeredbymonay,Instagram
url:www.instagram.com/reels/dvq-otidhre,https://www.instagram.com/reels/DVq-OTIDhrE/,2026-03-13,skillinhome,Instagram
tiktok:7612861517498699038,https://www.tiktok.com/@tamaramariexoxo/video/7612861517498699038?lang=en,2026-03-13,tamaramariexoxo,TikTok
url:www.instagram.com/reels/dvy_2unj8it,https://www.instagram.com/reels/DVy_2unj8iT/,2026-03-13,christen.at.home,Instagram
url:www.instagram.com/reels/dvylg28dgi0,https://www.instagram.com/reels/DVyLG28Dgi0/,2026-03-13,erinszoch,Instagram
url:www.instagram.com/reels/dvvrvekdqrk,https://www.instagram.com/reels/DVvrVekDqrk/,2026-03-13,lafevreliving1,Instagram
url:www.instagram.com/reels/dvwobokkfgw,https://www.instagram.com/reels/DVwObokkfGw/,2026-03-13,sweethomeology,Instagram
url:www.instagram.com/reels/dvwgl82gb6y,https://www.instagram.com/reels/DVwGl82gB6Y/,2026-03-13,CozyOnCottonCreek,Instagram
url:www.instagram.com/reels/dvvynkpafzd,https://www.instagram.com/reels/DVvyNKpAfZd/,2026-03-13,carrieithome,Instagram
url:www.instagram.com/reels/dvvuxfqivvt,https://www.instagram.com/reels/DVvuXfQivVT/,2026-03-13,healyourhomewmedina,Instagram
url:www.instagram.com/reels/dvvstu7d9xu,https://www.instagram.com/reels/DVvsTu7D9xU/,2026-03-13,thepirigyihome_,Instagram
url:www.instagram.com/reels/dvxvkqcajs1,https://www.instagram.com/reels/DVxVKQcAJS1/,2026-03-13,madlywish,Instagram
url:www.instagram.com/reels/dvtt3p-ad8p,https://www.instagram.com/reels/DVtt3p-Ad8P/,2026-03-13,atouchofsimplicitybyrana,Instagram
url:www.instagram.com/reels/dvw_kxijuaf,https://www.instagram.com/reels/DVw_KxijuAf/,2026-03-13,olyacreative,Instagram
url:www.instagram.com/reels/dvjtoq8eti3,https://www.instagram.com/reels/DVjToQ8ETI3/,2026-03-13,brittanydesignspo,Instagram
url:www.instagram.com/reels/dvq29edjyo-,https://www.instagram.com/reels/DVq29EDjYO-/,2026-03-13,farmhouse40_,Instagram
url:www.instagram.com/reels/dvffmv9ebws,https://www.instagram.com/reels/DVfFMv9EbWS/,2026-03-13,jalyssa_doubleu,Instagram
url:www.instagram.com/reels/dveguiakur4,https://www.instagram.com/reels/DVegUIakuR4/,2026-03-13,layeredbymonay,Instagram
url:www.instagram.com/reels/dvoqom6kqyq,https://www.instagram.com/reels/DVoqoM6kqYq/,2026-03-13,lifeinwaheaven,Instagram
url:www.instagram.com/reels/dvockg8dukw,https://www.instagram.com/reels/DVoCKG8DUkW/,2026-03-13,itsjoycecreates,Instagram
url:www.instagram.com/reels/dvmj1x8sjhj,https://www.instagram.com/reels/DVmJ1X8sjHj/,2026-03-13,yourdesignerbff,Instagram
url:www.instagram.com/reels/dvlgaelebqc,https://www.instagram.com/reels/DVlgaelEbqC/,2026-03-13,inspirationbycp,Instagram
url:www.instagram.com/reels/dvlesw1jz00,https://www.instagram.com/reels/DVlesw1jZ00/,2026-03-13,itsjoycecreates,Instagram
url:www.instagram.com/reels/dvku1jzdm2r,https://www.instagram.com/reels/DVkU1JZDm2r/,2026-03-13,arabellasourglow,Instagram
url:www.instagram.com/reels/dvqz8aydbog,https://www.instagram.com/reels/DVqZ8ayDbOG/,2026-03-13,homewithshanna,Instagram
url:www.instagram.com/reels/dvjrkr6ksra,https://www.instagram.com/reels/DVjRkR6kSRA/,2026-03-13,courtneytaylorhome,Instagram
url:www.instagram.com/reels/dvjqgi7cfg4,https://www.instagram.com/reels/DVjQgI7CFg4/,2026-03-13,howwedo208,Instagram
url:www.instagram.com/reels/dvqeyjhgo_8,https://www.instagram.com/reels/DVqeYJhgO_8/,2026-03-13,simply40north,Instagram
url:www.instagram.com/reels/dviumqpkwbc,https://www.instagram.com/reels/DViuMqpkWBC/,2026-03-13,whitcomb_home,Instagram
url:www.instagram.com/reels/dvhzzx_gquv,https://www.instagram.com/reels/DVhzzX_gQuv/,2026-03-13,jaylaferrell_,Instagram
url:www.instagram.com/reels/dvhfwdldpdn,https://www.instagram.com/reels/DVhfWdlDpDN/,2026-03-13,nissalynninteriors,Instagram
url:www.instagram.com/reels/dvfs-grjuo_,https://www.instagram.com/reels/DVfS-grjuO_/,2026-03-13,olyacreative,Instagram
url:www.instagram.com/reels/dvj47teei7u,https://www.instagram.com/reels/DVj47TeEi7u/,2026-03-13,mshollyinspired,Instagram
url:www.instagram.com/reels/dv9jboqccrw,https://www.instagram.com/reels/DV9JBOQCcRw/,2026-03-16,homewithshanna,Instagram
url:www.instagram.com/reels/dv8p-9woc9n,https://www.instagram.com/reels/DV8p-9WoC9n/,2026-03-16,houseoncalgarydowns,Instagram
url:www.instagram.com/reels/dv3zxyaaa9l,https://www.instagram.com/reels/DV3ZxYaAa9l/,2026-03-16,carrieithome,Instagram
url:www.instagram.com/reels/dv7jlfhjo5f,https://www.instagram.com/reels/DV7JLfhjO5F/,2026-03-16,beesnburlap,Instagram
url:www.instagram.com/reels/dv5_drieyou,https://www.instagram.com/reels/DV5_dRiEyoU/,2026-03-16,itsjoycecreates,Instagram
url:www.instagram.com/reels/dv58hsbkulr,https://www.instagram.com/reels/DV58hSBkUlR/,2026-03-16,trailertocastle,Instagram
url:www.instagram.com/reels/dv36lcejnfn,https://www.instagram.com/reels/DV36lcEjnfN/,2026-03-16,kellitesta,Instagram
url:www.instagram.com/reels/dv5cvrjdn7o,https://www.instagram.com/reels/DV5CvRJDn7o/,2026-03-16,chelsealizgreer,Instagram
url:www.instagram.com/reels/dwbu5qujoak,https://www.instagram.com/reels/DWBu5qUjoAK/,2026-03-18,designdetailsbydana,Instagram
url:www.instagram.com/reels/dv-xwfymdjw,https://www.instagram.com/reels/DV-XwfYMdjW/,2026-03-18,linda_wolfee,Instagram
url:www.instagram.com/reels/dv_scghewed,https://www.instagram.com/reels/DV_scgHEWed/,2026-03-18,homebodywithforlisa,Instagram
url:www.instagram.com/reels/dwakg8bdu-o,https://www.instagram.com/reels/DWAKg8bDU-o/,2026-03-18,farmhouse40_,Instagram
url:www.instagram.com/reels/dwaped6drmo,https://www.instagram.com/reels/DWAPEd6DrMO/,2026-03-18,hanginwithhope,Instagram
url:www.instagram.com/reels/dwbysgxadq8,https://www.instagram.com/reels/DWBySgxAdq8/,2026-03-18,carrieithome,Instagram
url:www.instagram.com/reels/dwckcdjj4kl,https://www.instagram.com/reels/DWCKCDJj4Kl/,2026-03-19,healyourhomewmedina,Instagram
url:www.instagram.com/reels/dwevxu5kazo,https://www.instagram.com/reels/DWEVXU5kazO/,2026-03-19,inspirationbycp,Instagram
url:www.instagram.com/reels/dwcvtsvkz5j,https://www.instagram.com/reels/DWCVtsvkZ5j/,2026-03-19,ourcozycolonialct,Instagram
url:www.instagram.com/reels/dwd90tvapvz,https://www.instagram.com/reels/DWD90TvAPvz/,2026-03-19,homewithshanna,Instagram
url:www.instagram.com/reels/dwccunfj0mj,https://www.instagram.com/reels/DWCCUNfj0mj/,2026-03-19,savannahprattsharma,Instagram
url:www.instagram.com/reels/dwemx-4dcwc,https://www.instagram.com/reels/DWEmx-4Dcwc/,2026-03-20,olyacreative,Instagram
url:www.instagram.com/reels/dvmbheqetsq,https://www.instagram.com/reels/DVmbhEQETSQ/,2026-03-20,thetidytrendy,Instagram
url:www.instagram.com/reels/dwnhkmzjyv1,https://www.instagram.com/reels/DWNhkMzjyv1/,2026-03-23,tinatealhome,Instagram
url:www.instagram.com/reels/dwnpaiwbnm4,https://www.instagram.com/reels/DWNPaIwBnM4/,2026-03-23,carrieithome,Instagram
url:www.instagram.com/reels/dwmy4vzgymk,https://www.instagram.com/reels/DWMy4VzgYMK/,2026-03-23,carrieithome,Instagram
url:www.instagram.com/reels/dwmyguxfc50,https://www.instagram.com/reels/DWMyguXFc50/,2026-03-23,jaylaferrell_,Instagram
url:www.instagram.com/reels/dwl_8uee5p7,https://www.instagram.com/reels/DWL_8uEE5P7/,2026-03-23,itsjoycecreates,Instagram
url:www.instagram.com/reels/dwkufi6psmj,https://www.instagram.com/reels/DWKuFi6pSmj/,2026-03-23,irene_lovetolive,Instagram
url:www.instagram.com/reels/dwjsjbtjpmv,https://www.instagram.com/reels/DWJsJbtjpMv/,2026-03-23,teneisha,Instagram
url:www.instagram.com/reels/dwhuk3tga5h,https://www.instagram.com/reels/DWHuK3Tga5h/,2026-03-23,carrieithome,Instagram
url:www.instagram.com/reels/dwie-9jdqi8,https://www.instagram.com/reels/DWIE-9JDqi8/,2026-03-23,tatyanaplx,Instagram
url:www.instagram.com/reels/dwg2xt3denf,https://www.instagram.com/reels/DWG2XT3DENf/,2026-03-23,beesnburlap,Instagram
url:www.instagram.com/reels/dwgvq1nexwm,https://www.instagram.com/reels/DWGvq1NEXwm/,2026-03-23,yessy_reviews,Instagram
url:www.instagram.com/reels/dwfjxuteqlj,https://www.instagram.com/reels/DWFJXUTEqlJ/,2026-03-23,thestyleguyla,Instagram
url:www.instagram.com/reels/dvjw2kgkqlj,https://www.instagram.com/reels/DVjw2kgkqLJ/,2026-03-23,thestyleguyla,Instagram
url:www.instagram.com/reels/dwjyo3hjorh,https://www.instagram.com/reels/DWJYO3HjoRH/,2026-03-23,designdetailsbydana,Instagram
url:www.instagram.com/reels/dwkxf2rj4hu,https://www.instagram.com/reels/DWKXf2rj4Hu/,2026-03-23,caro.finnegan,Instagram
url:www.instagram.com/reels/dwjrz-bfmis,https://www.instagram.com/reels/DWJRZ-BFMiS/,2026-03-23,savannahprattsharma,Instagram
url:www.instagram.com/reels/dwrfyuganxw,https://www.instagram.com/reels/DWRFYUGANXW/,2026-03-24,simply40north,Instagram
url:www.instagram.com/reels/dwpqxs_ex-j,https://www.instagram.com/reels/DWPqxS_EX-J/,2026-03-24,ourcozycolonialct,Instagram
url:www.instagram.com/reels/dwpvaxnarwe,https://www.instagram.com/reels/DWPvaxNARwE/,2026-03-24,carrieithome,Instagram
url:www.instagram.com/reels/dwrhgfejurq,https://www.instagram.com/reels/DWRHgfEjUrQ/,2026-03-24,homewithshanna,Instagram
url:www.instagram.com/reels/dwootbxjsou,https://www.instagram.com/reels/DWOotBXjsOU/,2026-03-24,lafevreliving1,Instagram
url:www.instagram.com/reels/dwo3mwfdrur,https://www.instagram.com/reels/DWO3MWfDrUR/,2026-03-24,skillinhome,Instagram
url:www.instagram.com/reels/dwpx6c7ibee,https://www.instagram.com/reels/DWPX6c7ibEE/,2026-03-24,houseoncalgarydowns,Instagram
url:www.instagram.com/reels/dwpqnlve1sk,https://www.instagram.com/reels/DWPQnLvE1Sk/,2026-03-24,chilldesignsbyjess,Instagram
url:www.instagram.com/reels/dwo2sqdkvyk,https://www.instagram.com/reels/DWO2sQdkVYk/,2026-03-24,bogatella,Instagram
url:www.instagram.com/reels/dwpnzkgdy1g,https://www.instagram.com/reels/DWPnzkgDY1g/,2026-03-24,christen.at.home,Instagram
tiktok:7619345713964535053,https://www.tiktok.com/@anainteriors/video/7619345713964535053,2026-03-25,Anainteriors,TikTok
url:www.instagram.com/reels/dwwoqfckcpt,https://www.instagram.com/reels/DWWoqfCkcpT/,2026-03-26,houseoncalgarydowns,Instagram
url:www.instagram.com/reels/dwwskule-s3,https://www.instagram.com/reels/DWWSkuLE-s3/,2026-03-26,itsjoycecreates,Instagram
url:www.instagram.com/reels/dwtrlxfkvm1,https://www.instagram.com/reels/DWTrLxfkVm1/,2026-03-26,chilldesignsbyjess,Instagram
url:www.instagram.com/reels/dwt5u68gmgw,https://www.instagram.com/reels/DWT5u68gMGw/,2026-03-26,ourcoastalclassic,Instagram
tiktok:7622895826439818527,https://www.tiktok.com/@knowingkrescent/video/7622895826439818527,2026-03-30,knowingkrescent,TikTok
url:www.instagram.com/reels/dwkrjkzdid5,https://www.instagram.com/reels/DWkRjKzDid5/,2026-04-06,simplyilmaa_,Instagram
url:www.instagram.com/reels/dwwnkf-embb,https://www.instagram.com/reels/DWwnkF-EmbB/,2026-04-06,jaylaferrell_,Instagram
url:www.instagram.com/reels/dwq24qzkytg,https://www.instagram.com/reels/DWq24qzkytG/,2026-04-06,carrieithome,Instagram
url:www.instagram.com/reels/dwoviaojul5,https://www.instagram.com/reels/DWovIAOjUl5/,2026-04-06,homebyxi,Instagram
url:www.instagram.com/reels/dwofbmegofh,https://www.instagram.com/reels/DWofBMEgOfh/,2026-04-06,ourmountainsidehome_1,Instagram
url:www.instagram.com/reels/dwmwjpngdge,https://www.instagram.com/reels/DWmwJpNgdGe/,2026-04-06,jaylaferrell_,Instagram
url:www.instagram.com/reels/dwmghqxlwyx,https://www.instagram.com/reels/DWmGHqxlwyX/,2026-04-06,sweethomeology,Instagram
url:www.instagram.com/reels/dwvctkndhis,https://www.instagram.com/reels/DWvCtknDhIS/,2026-04-06,mer__diana,Instagram
url:www.instagram.com/reels/dwltcj7akzq,https://www.instagram.com/reels/DWltCj7AKZq/,2026-04-06,busytexasmom,Instagram
url:www.instagram.com/reels/dwjlranhd_w,https://www.instagram.com/reels/DWjLrAnhd_w/,2026-04-06,athomewithnene_,Instagram
url:www.instagram.com/reels/dwjjqfkgc98,https://www.instagram.com/reels/DWjJqfkgc98/,2026-04-06,carrieithome,Instagram
url:www.instagram.com/reels/dwiyaxnutxr,https://www.instagram.com/reels/DWiYAxNuTxr/,2026-04-06,cheekyeats,Instagram
url:www.instagram.com/reels/dwh9zaadd4g,https://www.instagram.com/reels/DWh9zaaDD4G/,2026-04-06,tannesiavs,Instagram
url:www.instagram.com/reels/dwhjl_re5wp,https://www.instagram.com/reels/DWhjl_RE5wp/,2026-04-06,christen.at.home,Instagram
url:www.instagram.com/reels/dwhg4_gjlnl,https://www.instagram.com/reels/DWhG4_Gjlnl/,2026-04-06,homewithjami,Instagram
url:www.instagram.com/reels/dwjygvaajao,https://www.instagram.com/reels/DWjYgvaAJao/,2026-04-06,claudy_pel,Instagram
url:www.instagram.com/reels/dwkkb7lggm7,https://www.instagram.com/reels/DWkKb7lgGm7/,2026-04-06,caro.finnegan,Instagram
url:www.instagram.com/reels/dw4dn-yis-z,https://www.instagram.com/reels/DW4Dn-yis-z/,2026-04-08,tayloralxs,Instagram
url:www.instagram.com/reels/dw2e9z_jmc1,https://www.instagram.com/reels/DW2e9z_jmc1/,2026-04-08,chelsealizgreer,Instagram
url:www.instagram.com/reels/dw3ups4j3df,https://www.instagram.com/reels/DW3ups4j3Df/,2026-04-08,carrieithome,Instagram
tiktok:7626885267630148877,https://www.tiktok.com/@lachiccouture/video/7626885267630148877/,2026-04-10,lachiccouture,YT Shorts
url:www.instagram.com/reels/dwu_yxzjf6e,https://www.instagram.com/reels/DWu_yxzjf6E/,2026-04-13,official.jaa,YT Shorts
url:www.instagram.com/reels/dwz54fgkrua,https://www.instagram.com/reels/DWZ54fgkRuA/,2026-04-14,jhop5,YT Shorts
url:www.instagram.com/reels/dxfxk4teb6b,https://www.instagram.com/reels/DXFXk4TEb6b/,2026-04-14,mymotherhoodmethod,YT Shorts
tiktok:7628299412845972750,https://www.tiktok.com/@teci.xo/video/7628299412845972750?lang=en,2026-04-15,teci.xo,TikTok
url:www.instagram.com/reels/dxf0us2dhwp,https://www.instagram.com/reels/DXF0uS2Dhwp/,2026-04-15,thetidytrendy,"Instagram, AppLovin"
url:www.instagram.com/reels/dxo3ecyewph,https://www.instagram.com/reels/DXO3ECYEWPH/,2026-04-21,emmylew_designs,YT Shorts
url:www.instagram.com/reels/dxo8mnxk_ly,https://www.instagram.com/reels/DXO8MnXk_Ly/,2026-04-21,itsjoycecreates,YT Shorts
url:www.instagram.com/reels/dxalme6jsz2,https://www.instagram.com/reels/DXaLMe6jsz2/,2026-04-28,chelsealizgreer,Instagram
url:www.instagram.com/reels/dxeg1n3pax5,https://www.instagram.com/reels/DXeg1n3Pax5/,2026-04-28,nlaniganhome,Instagram
url:www.instagram.com/reels/dxbxvtalca0,https://www.instagram.com/reels/DXbxvtalcA0/,2026-04-28,savannahprattsharma,Instagram
url:www.instagram.com/reels/dxj8_xqdksm,https://www.instagram.com/reels/DXj8_xqDksm/,2026-04-28,cottageonwynn,Instagram
url:www.instagram.com/reels/dxkn0kvjrc-,https://www.instagram.com/reels/DXKN0Kvjrc-/,2026-04-28,tinatealhome,Instagram
url:www.instagram.com/reels/dxrocdaj2co,https://www.instagram.com/reels/DXrOcdaj2co/,2026-04-28,sweethomeology,Instagram
url:www.instagram.com/reels/dxp3teceemk,https://www.instagram.com/reels/DXp3tEcEemK/,2026-04-28,designdetailsbydana,Instagram
url:www.instagram.com/reels/dxpucgvedne,https://www.instagram.com/reels/DXpuCGvEdnE/,2026-04-28,dzaninatahirovic,Instagram
url:www.instagram.com/reels/dxpme5gdkf0,https://www.instagram.com/reels/DXpME5gDkf0/,2026-04-28,cottageonwynn,Instagram
url:www.instagram.com/reels/dxoz8gxheux,https://www.instagram.com/reels/DXoz8GXheUx/,2026-04-28,chardeney_mason,Instagram
url:www.instagram.com/reels/dxnlmnecwgt,https://www.instagram.com/reels/DXnLMNeCWgT/,2026-04-28,thenuttybrunettehome,Instagram
url:www.instagram.com/reels/dxmzko2imgb,https://www.instagram.com/reels/DXmzkO2imgB/,2026-04-28,lisavisualdiary,Instagram
url:www.instagram.com/reels/dxmeigdjpja,https://www.instagram.com/reels/DXmEIGDjpja/,2026-04-28,karismaangelle,Instagram
url:www.instagram.com/reels/dxkyii-cvv3,https://www.instagram.com/reels/DXkYIi-CVv3/,2026-04-28,tarajanestyle,Instagram
url:www.instagram.com/reels/dxklr_ucrop,https://www.instagram.com/reels/DXkLR_uCROP/,2026-04-28,citycactuscountryhome,Instagram
url:www.instagram.com/reels/dxj-hywjnqf,https://www.instagram.com/reels/DXj-hYwjnqf/,2026-04-28,chelsealizgreer,Instagram
url:www.instagram.com/reels/dxj1zjlkxr9,https://www.instagram.com/reels/DXj1ZJlkXR9/,2026-04-28,elainebatista2024,Instagram
url:www.instagram.com/reels/dxb1uk3kxwx,https://www.instagram.com/reels/DXb1Uk3kxWX/,2026-04-28,itsjoycecreates,Instagram
url:www.instagram.com/reels/dxjti_5eqia,https://www.instagram.com/reels/DXjtI_5EQiA/,2026-04-28,abzstylz,Instagram
url:www.instagram.com/reels/dxjee82kuyv,https://www.instagram.com/reels/DXjeE82kUyv/,2026-04-28,sotesycreations,Instagram
url:www.instagram.com/reels/dxhxn_mjkkc,https://www.instagram.com/reels/DXhXn_MjkKC/,2026-04-28,homedecor.loverr,Instagram
url:www.instagram.com/reels/dxf2x0yjcgx,https://www.instagram.com/reels/DXf2X0YjCGx/,2026-04-28,brittney_gage,Instagram
url:www.instagram.com/reels/dxfs9iydp8k,https://www.instagram.com/reels/DXfs9iYDP8K/,2026-04-28,only1jasmyne,Instagram
url:www.instagram.com/reels/dxfrsjcazeh,https://www.instagram.com/reels/DXfRsjcAZeh/,2026-04-28,redothezoo,Instagram
url:www.instagram.com/reels/dxezk6fkvw0,https://www.instagram.com/reels/DXeZk6FkVW0/,2026-04-28,reallyrians,Instagram
url:www.instagram.com/reels/dxezknsdqkq,https://www.instagram.com/reels/DXeZKnsDqKQ/,2026-04-28,sweethomeology,Instagram
url:www.instagram.com/reels/dxkdglvdjmo,https://www.instagram.com/reels/DXkdglVDjmo/,2026-04-28,mymotherhoodmethod,Instagram
url:www.instagram.com/reels/dxkz6qujgu-,https://www.instagram.com/reels/DXKZ6Qujgu-/,2026-04-28,decoratingwithalicia,Instagram
url:www.instagram.com/reels/dxetnbyjlzr,https://www.instagram.com/reels/DXeTnbYjlZr/,2026-04-28,cottageonwynn,Instagram
url:www.instagram.com/reels/dxlbkmugmt8,https://www.instagram.com/reels/DXLBkmugmt8/,2026-04-28,letushavecake,Instagram
url:www.instagram.com/reels/dxrvc2ujdza,https://www.instagram.com/reels/DXRvC2UjdZA/,2026-04-28,glad.tobehome,Instagram
url:www.instagram.com/reels/dxsrxbmjdcz,https://www.instagram.com/reels/DXSRXBMjDCZ/,2026-04-28,yourdesignerbff,Instagram
url:www.instagram.com/reels/dxaayoxav1u,https://www.instagram.com/reels/DXaAYoXAV1u/,2026-04-28,tayloralxs,Instagram
url:www.instagram.com/reels/dxsxsvnjvb4,https://www.instagram.com/reels/DXSxsvnjVB4/,2026-04-28,melissajwellness,Instagram
url:www.instagram.com/reels/dxtkncmjtvn,https://www.instagram.com/reels/DXTKncMjTVN/,2026-04-28,nlaniganhome,Instagram
url:www.instagram.com/reels/dxuftesgvu8,https://www.instagram.com/reels/DXUfTEsgvU8/,2026-04-28,diatadesign,Instagram
url:www.instagram.com/reels/dxxrdh2psid,https://www.instagram.com/reels/DXXRdH2pSid/,2026-04-28,minjamusich,Instagram
url:www.instagram.com/reels/dxuxcygcj1n,https://www.instagram.com/reels/DXUxcYGCj1n/,2026-04-28,adelle22222,Instagram
url:www.instagram.com/reels/dxvjiupkfun,https://www.instagram.com/reels/DXVJIUPkfun/,2026-04-28,sotesycreations,Instagram
url:www.instagram.com/reels/dxvnea2abbc,https://www.instagram.com/reels/DXVnEA2ABbc/,2026-04-28,nlaniganhome,Instagram
url:www.instagram.com/reels/dxxg76vksi_,https://www.instagram.com/reels/DXXG76vkSI_/,2026-04-28,emmylew_designs,Instagram
url:www.instagram.com/reels/dxxiyk-j_js,https://www.instagram.com/reels/DXXiYk-j_jS/,2026-04-28,savannahprattsharma,Instagram
url:www.instagram.com/reels/dxzejkdfwcq,https://www.instagram.com/reels/DXZejKDFWcQ/,2026-04-28,savannahprattsharma,Instagram
url:www.instagram.com/reels/dxrhappjvwn,https://www.instagram.com/reels/DXRhAPPjVwN/,2026-04-28,farmhouse40_,Instagram
url:www.instagram.com/reels/dxriahogprt,https://www.instagram.com/reels/DXRiAHOGPrT/,2026-04-28,athomewithnene_,Instagram
url:www.instagram.com/reels/dxmrokwdsup,https://www.instagram.com/reels/DXMrOKWDsUP/,2026-04-28,tinatealhome,Instagram
url:www.instagram.com/reels/dxplr0qksd_,https://www.instagram.com/reels/DXPlr0QkSD_/,2026-04-28,savannahprattsharma,Instagram
url:www.instagram.com/reels/dxn4kxsjgg6,https://www.instagram.com/reels/DXN4kxsjGg6/,2026-04-28,citycactuscountryhome,Instagram
url:www.instagram.com/reels/dxnggwljbhx,https://www.instagram.com/reels/DXNgGwLjbHx/,2026-04-28,jaylaferrell_,Instagram
url:www.instagram.com/reels/dxm-emaf5eo,https://www.instagram.com/reels/DXM-EmAF5Eo/,2026-04-28,atouchofsimplicitybyrana,Instagram
url:www.instagram.com/reels/dxm4_hnev51,https://www.instagram.com/reels/DXM4_hNEV51/,2026-04-28,peridotandpeonies.interiors,Instagram
url:www.instagram.com/reels/dxmwdbpkqrp,https://www.instagram.com/reels/DXMwDbpkQrp/,2026-04-28,arabellasourglow,Instagram
url:www.instagram.com/reels/dxmr3wkkckf,https://www.instagram.com/reels/DXMr3wkkckf/,2026-04-28,arabellasourglow,Instagram
url:www.instagram.com/reels/dxajvmhjcxw,https://www.instagram.com/reels/DXajvmhjCxw/,2026-04-28,irene_lovetolive,Instagram
url:www.instagram.com/reels/dxmq3wvkst0,https://www.instagram.com/reels/DXMq3wVkSt0/,2026-04-28,arabellasourglow,Instagram
url:www.instagram.com/reels/dxlfyqvdaqe,https://www.instagram.com/reels/DXLFyQVDaQE/,2026-04-28,farmhouse40_,Instagram
url:www.instagram.com/reels/dxlcxjlgi4i,https://www.instagram.com/reels/DXLCxJLgI4i/,2026-04-28,melinatesibeauty,Instagram
url:www.instagram.com/reels/dxk00kxxjf-,https://www.instagram.com/reels/DXK00kXxjf-/,2026-04-28,ashali123_,Instagram
url:www.instagram.com/reels/dxdlk-idrha,https://www.instagram.com/reels/DXdLk-iDRHA/,2026-04-28,farmhouse40_,Instagram
url:www.instagram.com/reels/dw6tfevesrp,https://www.instagram.com/reels/DW6tfEvESrP/,2026-04-28,trailertocastle,Instagram
url:www.instagram.com/reels/dxcfs9xd8vn,https://www.instagram.com/reels/DXcFS9xD8vN/,2026-04-28,tinatealhome,Instagram
url:www.instagram.com/reels/dxj9oxojm12,https://www.instagram.com/reels/DXJ9oXojM12/,2026-04-28,ourmountainsidehome_1,Instagram
url:www.instagram.com/reels/dxjpzbqdcr9,https://www.instagram.com/reels/DXJpZBqDcr9/,2026-04-28,savannahprattsharma,Instagram
url:www.instagram.com/reels/dxilypcjexz,https://www.instagram.com/reels/DXIlypcjexZ/,2026-04-28,farmhouse40_,Instagram
url:www.instagram.com/reels/dxil5ckdnlk,https://www.instagram.com/reels/DXIl5CKDnlK/,2026-04-28,tinatealhome,Instagram
url:www.instagram.com/reels/dxihiv8jozd,https://www.instagram.com/reels/DXIhIV8jOZd/,2026-04-28,irene_lovetolive,Instagram
url:www.instagram.com/reels/dxhrrq8lwab,https://www.instagram.com/reels/DXHrrq8lwaB/,2026-04-28,megank_home,Instagram
url:www.instagram.com/reels/dxhn9algftd,https://www.instagram.com/reels/DXHn9algFTd/,2026-04-28,stsweethome,Instagram
url:www.instagram.com/reels/dxhwijxeet1,https://www.instagram.com/reels/DXHWiJXEet1/,2026-04-28,christaandthecity,Instagram
url:www.instagram.com/reels/dxhnxuse5mp,https://www.instagram.com/reels/DXHNxUSE5MP/,2026-04-28,itsjoycecreates,Instagram
url:www.instagram.com/reels/dw97kdtiuij,https://www.instagram.com/reels/DW97kDTiUiJ/,2026-04-28,lightscamerajacksons10,Instagram
url:www.instagram.com/reels/dxgi_ogkdor,https://www.instagram.com/reels/DXGi_OgkdoR/,2026-04-28,mypinkpalace93,Instagram
url:www.instagram.com/reels/dxge804jnds,https://www.instagram.com/reels/DXGE804jnDS/,2026-04-28,decoratingwithalicia,Instagram
url:www.instagram.com/reels/dxgduiljcd2,https://www.instagram.com/reels/DXGDuiLjcd2/,2026-04-28,melissajwellness,Instagram
url:www.instagram.com/reels/dxhegvqdcdh,https://www.instagram.com/reels/DXHEgvQDCDH/,2026-04-28,savannahprattsharma,Instagram
url:www.instagram.com/reels/dxfbu--kuvn,https://www.instagram.com/reels/DXFbu--kUVn/,2026-04-28,jalyssa_doubleu,Instagram
url:www.instagram.com/reels/dxdgdhmlwpp,https://www.instagram.com/reels/DXDGDHmlWpP/,2026-04-28,ananajerac,Instagram
url:www.instagram.com/reels/dw-dfqoedrn,https://www.instagram.com/reels/DW-DFQoEdrn/,2026-04-28,homebodywithforlisa,Instagram
url:www.instagram.com/reels/dxfbxe9jv1e,https://www.instagram.com/reels/DXFBxe9jv1E/,2026-04-28,haikettua_atl,Instagram
url:www.instagram.com/reels/dw_c7obhue3,https://www.instagram.com/reels/DW_c7obhuE3/,2026-04-28,carrieithome,Instagram
url:www.instagram.com/reels/dxapegwkl3h,https://www.instagram.com/reels/DXAPegWkl3h/,2026-04-28,_aramos__,Instagram
url:www.instagram.com/reels/dxbce1mj2yr,https://www.instagram.com/reels/DXBCe1Mj2YR/,2026-04-28,morninggracediy,Instagram
url:www.instagram.com/reels/dxcssvokwoh,https://www.instagram.com/reels/DXCssvokWoH/,2026-04-28,homebodywithforlisa,Instagram
url:www.instagram.com/reels/dw_bbgfect4,https://www.instagram.com/reels/DW_bbGFEct4/,2026-04-28,sotesycreations,Instagram
url:www.instagram.com/reels/dxdpm74dzcs,https://www.instagram.com/reels/DXDPM74DZcs/,2026-04-28,farmhouse40_,Instagram
url:www.instagram.com/reels/dxd8vwak8wz,https://www.instagram.com/reels/DXD8vWAk8Wz/,2026-04-28,ourcozycraftedhome,Instagram
tiktok:7614896229704584462,https://www.tiktok.com/@dzaninatahirovic_/video/7614896229704584462,2026-04-28,dzaninatahirovic_,YT Shorts
url:www.instagram.com/reels/dxc_60zjkso,https://www.instagram.com/reels/DXc_60zjkso/,2026-04-28,olyacreative,Instagram
url:www.instagram.com/reels/dxj_gb_k46d,https://www.instagram.com/reels/DXJ_GB_k46d/,2026-04-28,ourcozycraftedhome,Instagram
url:www.instagram.com/reels/dxfyu_ydirw,https://www.instagram.com/reels/DXFyU_yDirw/,2026-04-28,tonyawiththeflowers,Instagram
url:www.instagram.com/reels/dxe2wlhiomp,https://www.instagram.com/reels/DXE2wLHiOMP/,2026-04-28,surryplace,Instagram
url:www.instagram.com/reels/dw7im_zkyo-,https://www.instagram.com/reels/DW7Im_zkYO-/,2026-04-28,farmhouse40_,Instagram
url:www.instagram.com/reels/dxcehpdj0wx,https://www.instagram.com/reels/DXcEHPdj0Wx/,2026-04-28,tinatealhome,Instagram
url:www.instagram.com/reels/dxccnsbdeps,https://www.instagram.com/reels/DXcCNSbDePs/,2026-04-28,renauandco,Instagram
url:www.instagram.com/reels/dxks3_zjqkv,https://www.instagram.com/reels/DXKS3_ZjqKv/,2026-04-28,stevicaitlin,Instagram
url:www.instagram.com/reels/dxkixrvjt4a,https://www.instagram.com/reels/DXKIxRVjt4A/,2026-04-28,tinatealhome,Instagram
url:www.instagram.com/reels/dw7awkskv8n,https://www.instagram.com/reels/DW7aWkSkV8N/,2026-04-28,reallyrians,Instagram
url:www.instagram.com/reels/dw7q77tjk2a,https://www.instagram.com/reels/DW7Q77tjk2a/,2026-04-28,mymotherhoodmethod,Instagram
url:www.instagram.com/reels/dxkavtteycq,https://www.instagram.com/reels/DXKAVTtEyCq/,2026-04-28,ourcozycraftedhome,Instagram
url:www.instagram.com/reels/dw95k9uuxkn,https://www.instagram.com/reels/DW95k9uuXKn/,2026-04-28,byisisferrer,Instagram
url:www.instagram.com/reels/dw6fwurdgvs,https://www.instagram.com/reels/DW6fwURDgVs/,2026-04-28,christaandthecity,Instagram
url:www.instagram.com/reels/dw4muqqklnf,https://www.instagram.com/reels/DW4mUQqklNF/,2026-04-28,styledwithpaws,Instagram
url:www.instagram.com/reels/dw4btkbj5us,https://www.instagram.com/reels/DW4bTKBj5US/,2026-04-28,layeredbymonay,Instagram
url:www.instagram.com/reels/dw37bltjqcr,https://www.instagram.com/reels/DW37bLTjQCr/,2026-04-28,sweethomeology,Instagram
url:www.instagram.com/reels/dw306x6ieqe,https://www.instagram.com/reels/DW306x6ieqE/,2026-04-28,courtneytaylorhome,Instagram
url:www.instagram.com/reels/dw4evztkwo9,https://www.instagram.com/reels/DW4eVZtkWO9/,2026-04-28,elainebatista2024,Instagram
url:www.instagram.com/reels/dw1qyugkavp,https://www.instagram.com/reels/DW1QyUGkaVP/,2026-04-28,arabellasourglow,Instagram
url:www.instagram.com/reels/dw7c-gtdhlw,https://www.instagram.com/reels/DW7c-GTDhlw/,2026-04-28,jenniferr.vo,Instagram
url:www.instagram.com/reels/dxpkj8beajr,https://www.instagram.com/reels/DXPkj8BEaJR/,2026-04-28,annleslie__,Instagram
url:www.instagram.com/reels/dxpa_jacez1,https://www.instagram.com/reels/DXpa_jaCez1/,2026-04-28,lachiccouture,Instagram
url:www.instagram.com/reels/dw1dmzvjvcr,https://www.instagram.com/reels/DW1dmzvjvcR/,2026-04-28,thetidytrendy,Instagram
url:www.instagram.com/reels/dwyldqxfasn,https://www.instagram.com/reels/DWylDQXFasN/,2026-04-28,carrieithome,Instagram
url:www.instagram.com/reels/dwyris0jo-h,https://www.instagram.com/reels/DWyrIS0jo-h/,2026-04-28,myhomebodylifeblog,Instagram
url:www.instagram.com/reels/dww5kqakfrb,https://www.instagram.com/reels/DWw5kQAkfrB/,2026-04-28,tia_beautyy,Instagram
url:www.instagram.com/reels/dwz3mgueq0y,https://www.instagram.com/reels/DWz3mguEQ0Y/,2026-04-28,cannachristiana,Instagram
url:www.instagram.com/reels/dw1ifu8ak2v,https://www.instagram.com/reels/DW1IFu8AK2v/,2026-04-28,simply40north,Instagram
url:www.instagram.com/reels/dw7eivkjilx,https://www.instagram.com/reels/DW7eIVKjilx/,2026-04-28,thetidytrendy,Instagram
url:www.instagram.com/reels/dw1pzx1juwk,https://www.instagram.com/reels/DW1PZx1jUWk/,2026-04-28,irene_lovetolive,Instagram
url:www.instagram.com/reels/dwzlrzdcfje,https://www.instagram.com/reels/DWzlRZDCfJE/,2026-04-28,krystnwalmsley,Instagram
url:www.instagram.com/reels/dxro8g9e0yl,https://www.instagram.com/reels/DXrO8g9E0Yl/,2026-05-01,itsjoycecreates,Instagram
url:www.instagram.com/reels/dx15wqhnpm5,https://www.instagram.com/reels/DX15WqHNPm5/,2026-05-05,classicallyjill,Instagram
url:www.instagram.com/reels/dx6oo2ram6l,https://www.instagram.com/reels/DX6oo2RAM6L/,2026-05-05,emstyles.7,Instagram
url:www.instagram.com/reels/dxxm-briunp,https://www.instagram.com/reels/DXxM-briunP/,2026-05-05,shanonmakesithome,Instagram
url:www.instagram.com/reels/dx18cpwor64,https://www.instagram.com/reels/DX18cpwOR64/,2026-05-05,trennnddd,Instagram
url:www.instagram.com/reels/dx15vihnhdx,https://www.instagram.com/reels/DX15viHNHdx/,2026-05-05,classicallyjill,Instagram
url:www.instagram.com/reels/dx7yphlhiif,https://www.instagram.com/reels/DX7yPhLhIIf/,2026-05-05,adventuresofthehaleys,Instagram
url:www.instagram.com/reels/dxzqiudrspd,https://www.instagram.com/reels/DXzqiuDRspd/,2026-05-05,julie_triedandtruemom,Instagram
url:www.instagram.com/reels/dxw2a1to6dj,https://www.instagram.com/reels/DXw2A1tO6DJ/,2026-05-05,stsweethome,Instagram
url:www.instagram.com/reels/dxwuusbrovo,https://www.instagram.com/reels/DXwuuSBROVo/,2026-05-05,cottageonwynn,Instagram
url:www.instagram.com/reels/dx9oye3m9f5,https://www.instagram.com/reels/DX9Oye3M9f5/,2026-05-05,beesnburlap,YT Shorts
youtube:nzszjsld7m8,https://www.youtube.com/shorts/NZSZJsLD7m8,2026-05-05,mymotherhoodmethod,YT Shorts
url:www.instagram.com/reels/dxxdfzvhyil,https://www.instagram.com/reels/DXxdfZVhyIl/,2026-05-05,paisleyathome,Instagram
url:www.instagram.com/reels/dxzxvuwcltv,https://www.instagram.com/reels/DXzxVUwCLtV/,2026-05-05,savannahprattsharma,YT Shorts
url:www.instagram.com/reels/dxxs7tirvqh,https://www.instagram.com/reels/DXxs7TiRVQH/,2026-05-05,designdetailsbydana,Instagram
url:www.instagram.com/reels/dx9ditzcukn,https://www.instagram.com/reels/DX9dITZCuKN/,2026-05-06,savannahprattsharma,Instagram
url:www.instagram.com/reels/dx--p-lm1tu,https://www.instagram.com/reels/DX--P-lM1TU/,2026-05-06,_aramos__,Instagram
url:www.instagram.com/reels/dx-pfvnr-mp,https://www.instagram.com/reels/DX-PFvNR-Mp/,2026-05-06,basicallycontent,Instagram
url:www.instagram.com/reels/dynkmyar-x7,https://www.instagram.com/reels/DYNkmYAR-X7/,2026-05-13,cottageonwynn,Instagram
url:www.instagram.com/reels/dyniijomfw-,https://www.instagram.com/reels/DYNiijOMFw-/,2026-05-13,yourdesignerbff,Instagram
url:www.instagram.com/reels/dylndr-necu,https://www.instagram.com/reels/DYLndR-NEcu/,2026-05-13,farmhouse40_,Instagram
url:www.instagram.com/reels/dypprjuxpaq,https://www.instagram.com/reels/DYPPRJuxPAQ/,2026-05-13,designdetailsbydana,Instagram
url:www.instagram.com/reels/dyi11lfn-kr,https://www.instagram.com/reels/DYI11LFN-kR/,2026-05-13,lifewithbrittanyr,Instagram
url:www.instagram.com/reels/dyfad43x3j8,https://www.instagram.com/reels/DYFAd43x3J8/,2026-05-13,homebodywithforlisa,Instagram
url:www.instagram.com/reels/dyf8hghru38,https://www.instagram.com/reels/DYF8HgHRu38/,2026-05-13,thetidytrendy,Instagram
url:www.instagram.com/reels/dyfzjkogp1q,https://www.instagram.com/reels/DYFZJkogP1Q/,2026-05-13,caro.finnegan,Instagram
url:www.instagram.com/reels/dyfc_bvugoc,https://www.instagram.com/reels/DYFC_BVuGoc/,2026-05-13,destn8tion,Instagram
url:www.instagram.com/reels/dykfwzlt-lk,https://www.instagram.com/reels/DYKfwzLt-lK/,2026-05-13,officialjaa,Instagram
url:www.instagram.com/reels/dyiggglvklc,https://www.instagram.com/reels/DYIGGGLvKlc/,2026-05-13,personal_spaceid,Instagram
url:www.instagram.com/reels/dyn-lfcuzcs,https://www.instagram.com/reels/DYN-LfCuZcS/,2026-05-13,mymotherhoodmethod,Instagram
url:www.instagram.com/reels/dynt97wpgdj,https://www.instagram.com/reels/DYNt97WpgDJ/,2026-05-13,thenuttybrunettehome,Instagram
url:www.instagram.com/reels/dyetmujjkae,https://www.instagram.com/reels/DYETMUJJKAE/,2026-05-13,thestyleguyla,Instagram
url:www.instagram.com/reels/dyock6yb7ya,https://www.instagram.com/reels/DYOCk6YB7YA/,2026-05-13,irene_lovetolive,Instagram
url:www.instagram.com/reels/dycloznjhdw,https://www.instagram.com/reels/DYCloZnJhDw/,2026-05-13,layeredbymonay,Instagram
url:www.instagram.com/reels/dycbcp-tir-,https://www.instagram.com/reels/DYCbcP-Tir-/,2026-05-13,itsjoycecreates,Instagram
url:www.instagram.com/reels/dybf1qbrb6g,https://www.instagram.com/reels/DYBF1qBRb6g/,2026-05-13,ourcozycolonialct,Instagram
url:www.instagram.com/reels/dyar48hx3ks,https://www.instagram.com/reels/DYAr48Hx3KS/,2026-05-13,chelsealizgreer,Instagram
url:www.instagram.com/reels/dya8zwgtdik,https://www.instagram.com/reels/DYA8zWgtDIk/,2026-05-13,keysbykiana,Instagram
url:www.instagram.com/reels/dydqfl3syho,https://www.instagram.com/reels/DYDQFl3SyHo/,2026-05-13,lifeinwaheaven,Instagram
url:www.instagram.com/reels/dx_3kpmbpai,https://www.instagram.com/reels/DX_3KpMBPAi/,2026-05-13,carrieithome,Instagram
url:www.instagram.com/reels/dydig70a_am,https://www.instagram.com/reels/DYDig70A_AM/,2026-05-13,style_uncovered,Instagram
url:www.instagram.com/reels/dyc0udyrnwu,https://www.instagram.com/reels/DYC0udYRnwu/,2026-05-13,farmhouse40_,Instagram
url:www.instagram.com/reels/dye_73lot8n,https://www.instagram.com/reels/DYE_73LOT8N/,2026-05-13,sweethomeology,Instagram
url:www.instagram.com/reels/dyaco5zhpsb,https://www.instagram.com/reels/DYAco5zhPsB/,2026-05-13,paisleyathome,Instagram
url:www.instagram.com/reels/dyrrjv3o4ea,https://www.instagram.com/reels/DYRRjV3O4EA/,2026-05-14,world_of_erish,Instagram
url:www.instagram.com/reels/dysnaceo1rb,https://www.instagram.com/reels/DYSnaCeO1Rb/,2026-05-14,home.next.door,Instagram
url:www.instagram.com/reels/dyptdbtr7qq,https://www.instagram.com/reels/DYPTdBtR7Qq/,2026-05-14,arabellasourglow,Instagram
url:www.instagram.com/reels/dyqo8pwo_nr,https://www.instagram.com/reels/DYQO8pwO_nR/,2026-05-14,chardeney_mason,Instagram
url:www.instagram.com/reels/dysfpqyspap,https://www.instagram.com/reels/DYSFpqyspaP/,2026-05-14,emilyaharrah,Instagram
url:www.instagram.com/reels/dyqaxx4mmlg,https://www.instagram.com/reels/DYQAxx4MMlg/,2026-05-14,yessy_reviews,Instagram
url:www.instagram.com/reels/dysy_imjx6m,https://www.instagram.com/reels/DYSy_imJX6M/,2026-05-14,emstyles.7,Instagram
url:www.instagram.com/reels/dys0thyopan,https://www.instagram.com/reels/DYS0tHYOPAN/,2026-05-14,chelsealizgreer,Instagram
url:www.instagram.com/reels/dytgt_mthpq,https://www.instagram.com/reels/DYTgT_mthPq/,2026-05-14,1naveet.a,Instagram
url:www.instagram.com/reels/dyuxbubmg7f,https://www.instagram.com/reels/DYUXbUbMg7f/,2026-05-14,devinawyatt,Instagram
url:www.instagram.com/reels/dytsh-zmswl,https://www.instagram.com/reels/DYTSH-ZmsWl/,2026-05-14,jaylaferrell_,Instagram
url:www.instagram.com/reels/dyucdj6ikqm,https://www.instagram.com/reels/DYUcdj6iKqM/,2026-05-15,courtneytaylorhome,Instagram
url:www.instagram.com/reels/dywqif0oxkm,https://www.instagram.com/reels/DYWQIf0OXKM/,2026-05-15,stevicaitlin,Instagram
url:www.instagram.com/reels/dyvxffajmfv,https://www.instagram.com/reels/DYVxfFAJmfv/,2026-05-15,letushavecake,Instagram
url:www.instagram.com/reels/dydsou2kd0_,https://www.instagram.com/reels/DYDSou2Kd0_/,2026-05-15,jaylaferrell_,YT Shorts
url:www.instagram.com/reels/dyuade4xvd3,https://www.instagram.com/reels/DYUade4xVd3/,2026-05-15,emmylew_designs,Instagram
url:www.instagram.com/reels/dyu_wr6yrya,https://www.instagram.com/reels/DYU_WR6yRYa/,2026-05-15,kellitesta,Instagram
url:www.tiktok.com/t/zp8pwflxr,https://www.tiktok.com/t/ZP8pWFLxr/,2026-05-18,reallyrians,TikTok
url:www.instagram.com/reels/dyrnqdnum_y,https://www.instagram.com/reels/DYrnqDNum_y/,2026-05-24,nissalynninteriors,YT Shorts
url:www.instagram.com/reels/dyqbwvkpz5c,https://www.instagram.com/reels/DYqBWVKPz5C/,2026-05-24,lafevreliving1,YT Shorts
url:www.instagram.com/reels/dyyhqdvnokw,https://www.instagram.com/reels/DYyhqdvNOkW/,2026-05-26,cannachristiana,YT Shorts
url:www.instagram.com/reels/dyxgq-anlbu,https://www.instagram.com/reels/DYxGQ-ANlBU/,2026-05-26,hann.madehome,YT Shorts
tiktok:7644411715643280653,https://www.tiktok.com/@_lifewithnoah_/video/7644411715643280653,2026-05-27,_lifewithnoah_,YT Shorts
url:www.instagram.com/reels/dy0cz_bhyda,https://www.instagram.com/reels/DY0cZ_BhYDA/,2026-05-27,annleslie__,YT Shorts
url:www.instagram.com/reels/dy2_hi1srfh,https://www.instagram.com/reels/DY2_HI1srFh/,2026-05-28,yourdesignerbff,YT Shorts
url:www.instagram.com/reels/dy7fz-_hirf,https://www.instagram.com/reels/DY7FZ-_hIrf/,2026-05-29,carrieithome,Instagram
url:www.instagram.com/reels/dxj_fb2ieom,https://www.instagram.com/reels/DXj_fB2ieoM/,2026-05-29,thestyleguyla,YT Shorts
url:www.instagram.com/reels/dzads9txpxa,https://www.instagram.com/reels/DZAds9TxPXa/,2026-06-01,inspirationbycp,YT Shorts
url:www.instagram.com/reels/dy6unzitgvt,https://www.instagram.com/reels/DY6unzItgvT/,2026-06-01,melissajwellness,YT Shorts
url:www.instagram.com/reels/dzdwv0kxkzf,https://www.instagram.com/reels/DZDwV0KxKzF/,2026-06-02,renauandco,Instagram
url:www.instagram.com/reels/dzffnierqzv,https://www.instagram.com/reels/DZFfNieRQzv/,2026-06-02,homewithshanna,Instagram
url:www.instagram.com/reels/dzfa-5kz0t4,https://www.instagram.com/reels/DZFa-5Kz0T4/,2026-06-02,itsjoycecreates,Instagram
url:www.instagram.com/reels/dzfvi8irsgh,https://www.instagram.com/reels/DZFVi8iRSGH/,2026-06-02,thetidytrendy,Instagram
url:www.instagram.com/reels/dzfjekfxze1,https://www.instagram.com/reels/DZFjekfxzE1/,2026-06-02,sotesycreations,Instagram
url:www.instagram.com/reels/dzfvjirxvfe,https://www.instagram.com/reels/DZFVJIRxvFe/,2026-06-02,renauandco,Instagram
url:www.instagram.com/reels/dzeni8wvgjz,https://www.instagram.com/reels/DZEnI8wvgjz/,2026-06-02,cheekyeats,Instagram
url:www.instagram.com/reels/dzd2hlvxstg,https://www.instagram.com/reels/DZD2HLVxSTg/,2026-06-02,jhop5,Instagram
url:www.instagram.com/reels/dzdr_l_ynlz,https://www.instagram.com/reels/DZDR_L_yNlz/,2026-06-02,craftednoshexplorer,Instagram
url:www.instagram.com/reels/dzaqgnxsyzg,https://www.instagram.com/reels/DZAqgnXsYzG/,2026-06-02,ellis_cottage,Instagram
url:www.instagram.com/reels/dzdaxlmr7um,https://www.instagram.com/reels/DZDAXLmR7uM/,2026-06-02,arabellasourglow,Instagram
url:www.instagram.com/reels/dzc3ll-rqb5,https://www.instagram.com/reels/DZC3Ll-RQB5/,2026-06-02,thetidytrendy,Instagram
url:www.instagram.com/reels/dzcw7vvh-kw,https://www.instagram.com/reels/DZCw7VVh-KW/,2026-06-02,sweethomeology,Instagram
url:www.instagram.com/reels/dzcswvaxdeo,https://www.instagram.com/reels/DZCswvaxdeO/,2026-06-02,bonbonbell.home,Instagram
url:www.instagram.com/reels/dzfn_chmzwg,https://www.instagram.com/reels/DZFn_CHmZwG/,2026-06-02,savannahprattsharma,Instagram
url:www.instagram.com/reels/dzaswnux9lj,https://www.instagram.com/reels/DZASWNUx9lJ/,2026-06-02,emmylew_designs,Instagram
url:www.instagram.com/reels/dzaf0wmsnjd,https://www.instagram.com/reels/DZAF0WMsNJD/,2026-06-02,yourdesignerbff,Instagram
url:www.instagram.com/reels/dy-qdcwrep1,https://www.instagram.com/reels/DY-qDcWReP1/,2026-06-02,cozyandcalmliving,Instagram
url:www.instagram.com/reels/dyw7vpookpv,https://www.instagram.com/reels/DYw7vpOOkPV/,2026-06-02,mymotherhoodmethod,Instagram
url:www.instagram.com/reels/dzdrqwyi_bj,https://www.instagram.com/reels/DZDRQwyI_BJ/,2026-06-02,surryplace,Instagram
url:www.instagram.com/reels/dyvuhjdocww,https://www.instagram.com/reels/DYvUHJdOCwW/,2026-06-02,chelsealizgreer,Instagram
url:www.instagram.com/reels/dyzs_wrxq71,https://www.instagram.com/reels/DYzS_Wrxq71/,2026-06-02,enamour_home,Instagram
url:www.instagram.com/reels/dy71_j8jc0n,https://www.instagram.com/reels/DY71_j8Jc0N/,2026-06-02,lachiccouture,Instagram
url:www.instagram.com/reels/dy2posgzwng,https://www.instagram.com/reels/DY2PoSgzWnG/,2026-06-02,chilldesignsbyjess,Instagram
url:www.instagram.com/reels/dy17-0sxwxu,https://www.instagram.com/reels/DY17-0SxWXU/,2026-06-02,crystalhanson.home,Instagram
url:www.instagram.com/reels/dy1_cehaq3x,https://www.instagram.com/reels/DY1_cehAQ3x/,2026-06-02,freely_nat,Instagram
url:www.instagram.com/reels/dy2lshzqmfn,https://www.instagram.com/reels/DY2LShZqmfN/,2026-06-02,tayloralxs,Instagram
url:www.instagram.com/reels/dy4vqlaxhat,https://www.instagram.com/reels/DY4vQlAxHat/,2026-06-02,renauandco,Instagram
url:www.instagram.com/reels/dy2midqp5md,https://www.instagram.com/reels/DY2mIDqP5Md/,2026-06-02,curatedbyreina,Instagram
url:www.instagram.com/reels/dy3ovzrnrrm,https://www.instagram.com/reels/DY3OvZRNRRM/,2026-06-02,bonbonbell.home,Instagram
url:www.instagram.com/reels/dy15n_qzfti,https://www.instagram.com/reels/DY15N_qzfTi/,2026-06-02,itsjoycecreates,Instagram
url:www.instagram.com/reels/dy55zshm43v,https://www.instagram.com/reels/DY55zShM43V/,2026-06-02,tannesiavs,Instagram
url:www.instagram.com/reels/dyw8smgxwwl,https://www.instagram.com/reels/DYw8sMgxwWl/,2026-06-02,styledwithpaws,Instagram
url:www.instagram.com/reels/dy0x1uxuwfb,https://www.instagram.com/reels/DY0X1UXuWfB/,2026-06-02,mymotherhoodmethod,Instagram
url:www.instagram.com/reels/dy14ai4b08h,https://www.instagram.com/reels/DY14aI4B08h/,2026-06-02,carrieithome,Instagram
url:www.instagram.com/reels/dy1jyalrslh,https://www.instagram.com/reels/DY1JyalRSlH/,2026-06-02,mypinkpalace93,Instagram
url:www.instagram.com/reels/dy0dzeixies,https://www.instagram.com/reels/DY0DZeixiES/,2026-06-02,sotesycreations,Instagram
url:www.instagram.com/reels/dyzwupyxewt,https://www.instagram.com/reels/DYzwuPyxewT/,2026-06-02,jalyssa_doubleu,Instagram
url:www.instagram.com/reels/dyxhokhrohq,https://www.instagram.com/reels/DYxhOKhRohQ/,2026-06-02,ourcozycolonialct,Instagram
url:www.instagram.com/reels/dyw9zburrpy,https://www.instagram.com/reels/DYw9ZBuRRPY/,2026-06-02,designdetailsbydana,Instagram
url:www.instagram.com/reels/dy6-5yax-xz,https://www.instagram.com/reels/DY6-5Yax-Xz/,2026-06-02,homebodywithforlisa,Instagram
url:www.instagram.com/reels/dzc7qblud8k,https://www.instagram.com/reels/DZC7QBLud8K/,2026-06-02,mer__diana,Instagram
url:www.instagram.com/reels/dy9k54wrl67,https://www.instagram.com/reels/DY9k54wRL67/,2026-06-02,thenuttybrunettehome,Instagram
url:www.instagram.com/reels/dys4lcli75b,https://www.instagram.com/reels/DYs4LCli75b/,2026-06-02,lafevreliving1,Instagram
url:www.instagram.com/reels/dyhsklsuxpb,https://www.instagram.com/reels/DYhSKlsuXpb/,2026-06-02,dzaninatahirovic,Instagram
url:www.instagram.com/reels/dyh6a_rozpd,https://www.instagram.com/reels/DYh6A_rozPd/,2026-06-02,surryplace,Instagram
url:www.instagram.com/reels/dymaplnxid_,https://www.instagram.com/reels/DYmaPlnxiD_/,2026-06-02,designdetailsbydana,Instagram
url:www.instagram.com/reels/dyuopp2rfhj,https://www.instagram.com/reels/DYuOPP2RfHJ/,2026-06-02,realprettyymb_,Instagram
url:www.instagram.com/reels/dyuvdmqxx7j,https://www.instagram.com/reels/DYuvdmqxX7j/,2026-06-02,angwith4,Instagram
url:www.instagram.com/reels/dyixe5ihjq3,https://www.instagram.com/reels/DYiXe5IhjQ3/,2026-06-02,tayloralxs,Instagram
url:www.instagram.com/reels/dyql_sknnxu,https://www.instagram.com/reels/DYql_SkNNXu/,2026-06-02,layeredbymonay,Instagram
url:www.instagram.com/reels/dyqarlfrxyl,https://www.instagram.com/reels/DYqArLfRXyL/,2026-06-02,renauandco,Instagram
url:www.instagram.com/reels/dypskhzcuso,https://www.instagram.com/reels/DYpskHzCUSo/,2026-06-02,chardeney_mason,Instagram
url:www.instagram.com/reels/dypbggfbbci,https://www.instagram.com/reels/DYpBggfBbCi/,2026-06-02,carrieithome,Instagram
url:www.instagram.com/reels/dyo9e47zluh,https://www.instagram.com/reels/DYo9E47zluh/,2026-06-02,chilldesignsbyjess,Instagram
url:www.instagram.com/reels/dymodkdtweu,https://www.instagram.com/reels/DYmodKDtWEu/,2026-06-02,iamquinti,Instagram
url:www.instagram.com/reels/dyk67jbyde3,https://www.instagram.com/reels/DYk67jbydE3/,2026-06-02,homelifewithrenz,Instagram
url:www.instagram.com/reels/dykxd-np5jv,https://www.instagram.com/reels/DYkxD-nP5Jv/,2026-06-02,thewelllovedfinds,Instagram
url:www.instagram.com/reels/dykn8z_x2n5,https://www.instagram.com/reels/DYkn8Z_x2n5/,2026-06-02,homebyelaine,Instagram
url:www.instagram.com/reels/dykxl6kswju,https://www.instagram.com/reels/DYkXL6KSwjU/,2026-06-02,tinatealhome,Instagram
url:www.instagram.com/reels/dyiehaiie_a,https://www.instagram.com/reels/DYieHAiiE_A/,2026-06-02,mrsmariashelton,Instagram
url:www.instagram.com/reels/dykw5qpuj8a,https://www.instagram.com/reels/DYkW5qPuJ8A/,2026-06-02,dzaninatahirovic,Instagram
url:www.instagram.com/reels/dykpsqlzfgp,https://www.instagram.com/reels/DYkPSQlzFGP/,2026-06-02,chilldesignsbyjess,Instagram
url:www.instagram.com/reels/dyj5uwetq5t,https://www.instagram.com/reels/DYj5UwETq5T/,2026-06-02,itsjoycecreates,Instagram
url:www.instagram.com/reels/dyjttfmhchl,https://www.instagram.com/reels/DYjttFMhchl/,2026-06-02,emmylew_designs,Instagram
url:www.instagram.com/reels/dyiuwkhv2em,https://www.instagram.com/reels/DYiUWKhv2em/,2026-06-02,nlaniganhome,Instagram
url:www.instagram.com/reels/dyfoswnp8i5,https://www.instagram.com/reels/DYfOSwnp8I5/,2026-06-02,tinatealhome,Instagram
url:www.instagram.com/reels/dytfnhstdy6,https://www.instagram.com/reels/DYtFnhstdy6/,2026-06-02,keysbykiana,Instagram
url:www.instagram.com/reels/dyuvcjeglzv,https://www.instagram.com/reels/DYuVCJegLzV/,2026-06-02,emstyles.7,Instagram
url:www.instagram.com/reels/dygiyrjn56v,https://www.instagram.com/reels/DYgIyRjN56V/,2026-06-02,dana.vento,Instagram
url:www.instagram.com/reels/dyfzb_3b8nz,https://www.instagram.com/reels/DYfzB_3B8nz/,2026-06-02,caro.finnegan,Instagram
url:www.instagram.com/reels/dyfmqcvvbwb,https://www.instagram.com/reels/DYfmqcvvbWB/,2026-06-02,houseofsaintdesign,Instagram
url:www.instagram.com/reels/dyfwnf8x9uy,https://www.instagram.com/reels/DYfWNF8x9uY/,2026-06-02,homebodywithforlisa,Instagram
url:www.instagram.com/reels/dyhzwlpsfvu,https://www.instagram.com/reels/DYhzWlPsFvU/,2026-06-02,yourdesignerbff,Instagram
url:www.instagram.com/reels/dye3_6lrdg_,https://www.instagram.com/reels/DYe3_6LRdG_/,2026-06-02,arabellasourglow,Instagram
url:www.instagram.com/reels/dypskzbh0ss,https://www.instagram.com/reels/DYPSKZBh0SS/,2026-06-02,carrieithome,Instagram
url:www.instagram.com/reels/dydpy29ogyk,https://www.instagram.com/reels/DYdpy29OGyK/,2026-06-02,cottageonwynn,Instagram
url:www.instagram.com/reels/dycayzoswhj,https://www.instagram.com/reels/DYcayzOswHj/,2026-06-02,devinawyatt,Instagram
url:www.instagram.com/reels/dye_czuruog,https://www.instagram.com/reels/DYe_cZuRuOG/,2026-06-02,shesallnash,Instagram
url:www.instagram.com/reels/dya2ngexmsa,https://www.instagram.com/reels/DYa2nGExmSA/,2026-06-02,ourcozycolonialct,Instagram
url:www.instagram.com/reels/dyatj_6gweu,https://www.instagram.com/reels/DYatJ_6gWeU/,2026-06-02,styledwithpaws,Instagram
url:www.instagram.com/reels/dyabmo3twci,https://www.instagram.com/reels/DYaBmo3tWci/,2026-06-02,basicallycontent,Instagram
url:www.instagram.com/reels/dyzshx-xe6a,https://www.instagram.com/reels/DYZshx-xe6a/,2026-06-02,thenuttybrunettehome,Instagram
url:www.instagram.com/reels/dyzly0lhtvy,https://www.instagram.com/reels/DYZlY0LhTvy/,2026-06-02,carrieithome,Instagram
url:www.instagram.com/reels/dyysbeimtoj,https://www.instagram.com/reels/DYYSBEIMTOj/,2026-06-02,irene_lovetolive,Instagram
url:www.instagram.com/reels/dyxn2h2ulzg,https://www.instagram.com/reels/DYXN2H2ulzg/,2026-06-02,ourmountainsidehome_1,Instagram
url:www.instagram.com/reels/dypymqntp1p,https://www.instagram.com/reels/DYpyMqNTP1p/,2026-06-02,christen.at.home,Instagram
url:www.instagram.com/reels/dypb3jozhtd,https://www.instagram.com/reels/DYpB3jOzhtd/,2026-06-02,itsjoycecreates,Instagram
url:www.instagram.com/reels/dybgio-njk-,https://www.instagram.com/reels/DYbgIO-NjK-/,2026-06-02,mypinkpalace93,Instagram
instagram:dnlatferwxd,https://www.instagram.com/reel/DNlATfERWxD,2026-06-04,makingfrugalfun,AppLovin
url:www.instagram.com/reels/dwg1jwddz1l,https://www.instagram.com/reels/DWG1jWdDZ1L/,2026-06-08,bonbonbell.home,Instagram
url:www.instagram.com/reels/dyizvceoxwr,https://www.instagram.com/reels/DYiZvcEOxwr/,2026-06-08,mymotherhoodmethod,Instagram
url:www.instagram.com/reels/dzvfacztcxj,https://www.instagram.com/reels/DZVFacZtcxJ/,2026-06-08,croft_treasurechest,Instagram
url:www.instagram.com/reels/dzvhumcuzlf,https://www.instagram.com/reels/DZVHuMCuzLf/,2026-06-08,mymotherhoodmethod,Instagram
url:www.instagram.com/reels/dzuzec5kqpn,https://www.instagram.com/reels/DZUzEc5kQpN/,2026-06-08,savannahprattsharma,Instagram
url:www.instagram.com/reels/dzujzagxpix,https://www.instagram.com/reels/DZUjZagxpiX/,2026-06-08,homebyelaine,Instagram
url:www.instagram.com/reels/dzlqk27tcpx,https://www.instagram.com/reels/DZLqK27TcpX/,2026-06-08,itsjoycecreates,Instagram
url:www.instagram.com/reels/dzvbogetohw,https://www.instagram.com/reels/DZVBogEtOhw/,2026-06-08,croft_treasurechest,Instagram
instagram:dj2g0kky0jk,https://www.instagram.com/p/DJ2g0KKy0Jk/,2026-06-12,our.nohai.home,AppLovin
tiktok:7584552562297146637,https://www.tiktok.com/@emmylewdecorates/video/7584552562297146637?_r=1&_t=ZT-94CLxDfkny2,,emmylewdecorates,TikTok
url:www.instagram.com/reels/dwuk--zkrja,https://www.instagram.com/reels/DWUk--zkRJA/,,thatgirlteci,Instagram
url:www.instagram.com/reels/dwg5_wjkf5j,https://www.instagram.com/reels/DWg5_wjkf5J/,,thetidytrendy,Instagram
url:www.instagram.com/reels/dwgjotwjkmf,https://www.instagram.com/reels/DWgjoTwjkMF/,,destn8tion,Instagram
url:www.instagram.com/reels/dweux7vd31z,https://www.instagram.com/reels/DWeuX7vD31z/,,home.next.door,Instagram
url:www.instagram.com/reels/dweengbkdhi,https://www.instagram.com/reels/DWeenGBkdhi/,,thepirigyihome_,Instagram
url:www.instagram.com/reels/dwecfglkvg8,https://www.instagram.com/reels/DWecFglkVg8/,,ourcozycolonialct,Instagram
url:www.instagram.com/reels/dwesz_dkt_2,https://www.instagram.com/reels/DWesZ_DkT_2/,,elainebatista2024,Instagram
url:www.instagram.com/reels/dwec-ijdvxp,https://www.instagram.com/reels/DWeC-ijDVXp/,,farmhouse40_,Instagram
url:www.instagram.com/reels/dwebch2jr3a,https://www.instagram.com/reels/DWeBcH2jR3A/,,homewithshanna,Instagram
url:www.instagram.com/reels/dwd_b1nkqdn,https://www.instagram.com/reels/DWd_B1NkQdN/,,_queenofeverything,Instagram
url:www.instagram.com/reels/dwcpuodgckt,https://www.instagram.com/reels/DWcpUodgckt/,,carrieithome,Instagram
url:www.instagram.com/reels/dwcawhlk49v,https://www.instagram.com/reels/DWcaWHlk49V/,,christen.at.home,Instagram
url:www.instagram.com/reels/dwb6uewjxy1,https://www.instagram.com/reels/DWb6UEwjXy1/,,basicallycontent,Instagram
url:www.instagram.com/reels/dwbbtctdmqe,https://www.instagram.com/reels/DWbbTctDmQe/,,pinchmeimhome,Instagram
url:www.instagram.com/reels/dwanc0rjgbl,https://www.instagram.com/reels/DWaNC0rjgbL/,,olyacreative,Instagram
url:www.instagram.com/reels/dwab7i3xvly,https://www.instagram.com/reels/DWaB7i3xvlY/,,abraujewelry,Instagram
url:www.instagram.com/reels/dwz1jk2isgi,https://www.instagram.com/reels/DWZ1Jk2isGi/,,jaylaferrell_,Instagram
url:www.instagram.com/reels/dwz0ct3d3uv,https://www.instagram.com/reels/DWZ0ct3D3uv/,,christinasciblo,Instagram
url:www.instagram.com/reels/dwzx1kaiz-z,https://www.instagram.com/reels/DWZx1KaiZ-z/,,ourcoastalclassic,Instagram
url:www.instagram.com/reels/dwzityed3hd,https://www.instagram.com/reels/DWZitYeD3hD/,,jstinoo,Instagram
url:www.instagram.com/reels/dwznhpodtr2,https://www.instagram.com/reels/DWZNHPODTr2/,,homewithshanna,Instagram
url:www.instagram.com/reels/dwzlztdeqy5,https://www.instagram.com/reels/DWZLZtdEQY5/,,cozyandcalmliving,Instagram
url:www.instagram.com/reels/dwzlg85ka4h,https://www.instagram.com/reels/DWZLg85ka4h/,,houseoncalgarydowns,Instagram
url:pinterest,Pinterest,,triedandtruemomlife,Pinterest
tiktok:7617699578971802911,https://www.tiktok.com/@whatlydia/video/7617699578971802911,,whatlydia,TikTok
instagram:dzfllqiovva,https://www.instagram.com/reel/DZfLlQiOVVa,,thehartlandhome,Instagram
url:www.instagram.com/reels/dzfjqkvlx_3,https://www.instagram.com/reels/DZfJqkVlx_3/,,athomewithnene_,Instagram
url:www.instagram.com/reels/dzfhxcnbmtv,https://www.instagram.com/reels/DZfHXCNBmTV/,,carrieithome,Instagram
url:www.instagram.com/reels/dzfde1crhjh,https://www.instagram.com/reels/DZfDe1cRHJH/,,courtneytaylorhome,Instagram
url:www.instagram.com/reels/dzdsqxmnbn5,https://www.instagram.com/reels/DZdsQxmNbN5/,,bonbonbell.home,Instagram
url:www.instagram.com/reels/dzdsk0lvbq2,https://www.instagram.com/reels/DZdsK0LvbQ2/,,diaries.of.danielle,Instagram
instagram:dzdmnyttmfe,https://www.instagram.com/p/DZdMnyTTMFE/,,anya_gc_elegancy,Instagram
url:www.instagram.com/reels/dzbqiyobxx6,https://www.instagram.com/reels/DZbqIYOBxX6/,,reallyrians,Instagram
url:www.instagram.com/reels/dzbobljsfi8,https://www.instagram.com/reels/DZbObLjsfi8/,,lightscamerajacksons1,Instagram
url:www.instagram.com/reels/dza73ndst_u,https://www.instagram.com/reels/DZa73NdST_u/,,bored.mom,Instagram
url:www.instagram.com/reels/dza44ghh3ml,https://www.instagram.com/reels/DZa44ghh3mL/,,redothezoo,Instagram
url:www.instagram.com/reels/dzapk7xphkz,https://www.instagram.com/reels/DZapk7xpHkZ/,,thestyleguyla,Instagram
url:www.instagram.com/reels/dzz701trfpi,https://www.instagram.com/reels/DZZ701tRfpi/,,courtneytaylorhome,Instagram
url:www.instagram.com/reels/dzyexchvthg,https://www.instagram.com/reels/DZYexchvTHG/,,simplyilmaa_,Instagram
url:www.instagram.com/reels/dzywuqdsmmh,https://www.instagram.com/reels/DZYWUQdsmMh/,,jhop5,Instagram
url:www.instagram.com/reels/dzm45ejr2vg,https://www.instagram.com/reels/DZm45eJR2vG/,,thetidytrendy,YT Shorts
url:www.instagram.com/reels/dzm9txxpm6t,https://www.instagram.com/reels/DZm9TxxpM6t/,,layeredbymonay,YT Shorts
url:www.instagram.com/reels/dznwor8b9-h,https://www.instagram.com/reels/DZnwOr8B9-H/,,redothezoo,YT Shorts
url:www.instagram.com/reels/dzshs4-ors4,https://www.instagram.com/reels/DZsHs4-OrS4/,,mymotherhoodmethod,YT Shorts
url:www.instagram.com/reels/dzqn9azstx8,https://www.instagram.com/reels/DZqN9AzSTx8/,,yourdesignerbff,YT Shorts
url:www.instagram.com/reels/dzp2ytwu5hd,https://www.instagram.com/reels/DZp2yTWu5Hd/,,shelbyxdanielle_,YT Shorts
url:www.instagram.com/reels/dzpominr6f3,https://www.instagram.com/reels/DZpOMINR6f3/,,homewithshanna,YT Shorts
url:www.instagram.com/reels/dzsklghrorv,https://www.instagram.com/reels/DZsKLghROrV/,,designdetailsbydana,YT Shorts
url:www.instagram.com/reels/dzoabqtobpk,https://www.instagram.com/reels/DZoaBQtOBpK/,,mer__diana,YT Shorts
url:www.instagram.com/reels/dzpukdvoes0,https://www.instagram.com/reels/DZpuKdvOes0/,,thetidytrendy,YT Shorts
url:www.instagram.com/reels/dziu9m2uuts,https://www.instagram.com/reels/DZiU9M2uuts/,,home.next.door,YT Shorts
url:www.instagram.com/reels/dz3uhu3x9cc,https://www.instagram.com/reels/DZ3uHU3x9Cc/,,rachelsreno,YT Shorts
url:www.instagram.com/reels/dz3t_7pybnh,https://www.instagram.com/reels/DZ3T_7PybnH/,,lifeinwaheaven,YT Shorts
url:www.instagram.com/reels/dzz7uhora95,https://www.instagram.com/reels/DZz7uHoRA95/,,arabellasourglow,YT Shorts
url:www.instagram.com/reels/dz4726ihibf,https://www.instagram.com/reels/DZ4726ihIBF/,,carrieithome,YT Shorts
url:www.instagram.com/reels/dz3lsm-s2kc,https://www.instagram.com/reels/DZ3lsm-S2kC/,,lauren.fabbri,YT Shorts
url:www.instagram.com/reels/dzlmdyosiwb,https://www.instagram.com/reels/DZlmdyosIwB/,,_aramos__,Instagram
url:www.instagram.com/reels/dzdycgmswzu,https://www.instagram.com/reels/DZdYCGmSwZu/,,tayloralxs,Instagram
url:www.instagram.com/reels/dz49y65r9zw,https://www.instagram.com/reels/DZ49Y65R9Zw/,,raisingthesuttons,YT Shorts
url:www.instagram.com/reels/dz8wg19xn6q,https://www.instagram.com/reels/DZ8WG19xN6Q/,,ourcozycolonialct,YT Shorts
url:www.instagram.com/reels/dz8mbvoagz9,https://www.instagram.com/reels/DZ8MBvoAgz9/,,shanonmakesithome,YT Shorts
url:www.instagram.com/reels/dz6ms5lxk2-,https://www.instagram.com/reels/DZ6Ms5lxK2-/,,homedecor.loverr,YT Shorts
url:www.instagram.com/reels/dz-pxx4uk6f,https://www.instagram.com/reels/DZ-pXx4uk6F/,,yourdesignerbff,YT Shorts
url:www.instagram.com/reels/dadpnmucwyn,https://www.instagram.com/reels/DaDPnmUCWyN/,,lafevreliving1,YT Shorts
url:www.instagram.com/reels/daendyutewa,https://www.instagram.com/reels/DaENdyuTEWA/,,pinkwithsonshine,YT Shorts
url:www.instagram.com/reels/dajlwvagkwv,https://www.instagram.com/reels/DaJLwVagkwV/,,styledwithpaws,YT Shorts
url:www.instagram.com/reels/daeamszjwtr,https://www.instagram.com/reels/DaEaMsZJwtr/,,carrieithome,Instagram
url:www.instagram.com/reels/dz_xxlgp1vh,https://www.instagram.com/reels/DZ_Xxlgp1vH/,,itlookedgoodonline,Instagram
url:www.instagram.com/reels/dalbc2jxxjd,https://www.instagram.com/reels/DaLbc2JxXjD/,,designdetailsbydana,YT Shorts
url:www.instagram.com/reels/dallqrcsfa9,https://www.instagram.com/reels/DaLlQrCsfa9/,,emilyaharrah,YT Shorts
url:www.instagram.com/reels/damc2xkujej,https://www.instagram.com/reels/DamC2xkujEj/,,jenniferr.vo,YT Shorts
url:www.instagram.com/reels/da4io8iyjmn,https://www.instagram.com/reels/Da4Io8iyJmn/,,craftednoshexplorer,YT Shorts
url:www.instagram.com/reels/dba6gzdxcc4,https://www.instagram.com/reels/DbA6gzdxCc4/,,styledwithpaws,YT Shorts
url:www.instagram.com/reels/da9jgrnt_wl,https://www.instagram.com/reels/Da9JGrnt_WL/,,ashali123_,YT Shorts
url:www.instagram.com/reels/dblvlajtcqj,https://www.instagram.com/reels/DbLVLajtcQJ/,,emscollectedhome,YT Shorts
url:www.instagram.com/reels/dblesmabgzg,https://www.instagram.com/reels/DbLesMABGzG/,,lifeinwaheaven,YT Shorts
url:www.instagram.com/reels/dbnyqj-b7lr,https://www.instagram.com/reels/DbNyqJ-B7lR/,,carrieithome,YT Shorts
url:www.instagram.com/reels/dbthyiiin-v,https://www.instagram.com/reels/DbTHyIiiN-v/,,lafevreliving1,YT Shorts
url:www.instagram.com/reels/dboabknr_wb,https://www.instagram.com/reels/DbOabknR_Wb/,,styledwithpaws,YT Shorts
tiktok:7555898586337201438,https://www.tiktok.com/@clarityhome/video/7555898586337201438,,Clarity home,Email
url:www.instagram.com/reels/daiunusv_b3,https://www.instagram.com/reels/DaiUnUsv_b3/,,ourmountainsidehome_1,Pinterest
url:www.instagram.com/reels/da7xhchul8b,https://www.instagram.com/reels/Da7xhchuL8b/,,outfitsbyashley,Pinterest
url:www.instagram.com/reels/dbzuopvvqew,https://www.instagram.com/reels/DbZUOPvvQEW/,,ferndesol,Pinterest
url:www.instagram.com/reels/dagb3dqsryl,https://www.instagram.com/reels/Dagb3dqsRYL/,,devinawyatt,Pinterest
url:www.instagram.com/reels/dbk8tr_hspo,https://www.instagram.com/reels/Dbk8tR_hSPO/,,carrieithome,YT Shorts
url:www.instagram.com/reels/dblntlhbf00,https://www.instagram.com/reels/DblntLHBF00/,,tinatealhome,Instagram
instagram:dbj20phs4qm,https://www.instagram.com/p/Dbj20Phs4qM/,,beesnburlap,Instagram
instagram:dbeki5uxwj3,https://www.instagram.com/reel/DbeKI5UxwJ3,,gracefullyelevatedhome,Instagram
instagram:dbrz5wympjk,https://www.instagram.com/p/DbRz5WyMpjK/,,beesnburlap,Instagram
url:www.instagram.com/reels/dbvq7efck7a,https://www.instagram.com/reels/DbvQ7EFCK7a/,,courtneytaylorhome,YT Shorts
url:www.instagram.com/reels/dbrdnuquerz,https://www.instagram.com/reels/DbrdNUQueRz/,,thetidytrendy,YT Shorts
url:www.instagram.com/reels/dblkcdbotls,https://www.instagram.com/reels/DblKCDbOTLs/,,paisleyathome,YT Shorts
url:www.instagram.com/reels/dbwyglppk2z,https://www.instagram.com/reels/DbwYgLPpK2z/,,cassandra.noellee,YT Shorts
url:www.instagram.com/reels/db3cb7yiqau,https://www.instagram.com/reels/Db3cb7yIqaU/,,surryplace,YT Shorts
url:www.instagram.com/reels/db4q-iexmyh,https://www.instagram.com/reels/Db4Q-IExmyH/,,mymotherhoodmethod,YT Shorts
tiktok:7571151935311498509,https://www.tiktok.com/@crimewithkylie/video/7571151935311498509,,crimewithkylie,AppLovin
tiktok:7555543223519776031,https://www.tiktok.com/@robinwarz.interiors/video/7555543223519776031,,robinwarz.interiors,AppLovin
url:www.instagram.com/reels/dzk5a5qoy-t,https://www.instagram.com/reels/DZK5a5qOY-T/,,ashali123_,Organic Social (IG/YT/TT)
url:www.instagram.com/reels/dbbpmplpmke,https://www.instagram.com/reels/DbbPmPlpmke/,,sweethomeology,Organic Social (IG/YT/TT)
url:www.instagram.com/reels/dy-ial1pnr-,https://www.instagram.com/reels/DY-Ial1PNr-/,,haikettua_atl,Organic Social (IG/YT/TT)
url:www.pinterest.com/pin/14003448838736281,https://www.pinterest.com/pin/14003448838736281/,,yourdesignerbff,Pinterest
url:www.instagram.com/reels/dde0_ijxq-u,https://www.instagram.com/reels/DdE0_ijxq-U/,,basicallycontent,Instagram
url:www.instagram.com/reels/ddez4pmrf5c,https://www.instagram.com/reels/DdEZ4PmRf5C/,,arabellasourglow,Instagram
url:www.instagram.com/reels/ddbloaqrmyj,https://www.instagram.com/reels/DdBloaqRmyj/,,thetidytrendy,Instagram
url:www.instagram.com/reels/dc_ue_xbwmg,https://www.instagram.com/reels/Dc_uE_XBWMg/,,ellis_cottage,Instagram
url:www.instagram.com/reels/dc_utcpnq58,https://www.instagram.com/reels/Dc_UtcpNq58/,,thehartlandhome,Instagram
url:www.instagram.com/reels/dc_jgdotr34,https://www.instagram.com/reels/Dc_JGdOTr34/,,itsjoycecreates,Instagram
tiktok:7516810514811358495,https://www.tiktok.com/@alishafloryn/video/7516810514811358495,,alishafloryn,YT Shorts
tiktok:7520320540473658654,https://www.tiktok.com/@sa.miyahh/video/7520320540473658654,,sa.miyahh,YT Shorts
instagram:driia6vkudy,https://www.instagram.com/reel/DRiia6vkUdY,,realmom.finds,YT Shorts
instagram:dswqf8zjapa,https://www.instagram.com/p/DSWQf8zjaPA/,,dana.vento,YT Shorts
instagram:dke_qzkrsgr,https://www.instagram.com/reel/DKe_qZkRSgR,,brittanydesignspo,YT Shorts
instagram:dnjmdpdt7af,https://www.instagram.com/p/DNjmdpDt7AF/,,iamquinti,YT Shorts
url:www.instagram.com/reels/ddsnbcimjm5,https://www.instagram.com/reels/DdSnBCIMjM5/,,homeandstylebyt,Instagram
url:www.instagram.com/reels/ddpgg7cv7lf,https://www.instagram.com/reels/DdPgg7cv7lF/,,glad.tobehome,Instagram
url:www.instagram.com/reels/ddhnssoglqd,https://www.instagram.com/reels/DdHNsSoglQd/,,savannahprattsharma,Instagram
url:www.instagram.com/reels/ddf1lmvptot,https://www.instagram.com/reels/DdF1lmvpTot/,,heidi.hygge.home,Instagram
url:www.instagram.com/reels/ddhqge8oyvl,https://www.instagram.com/reels/DdHQgE8OYvL/,,paisleyathome,Instagram
url:www.instagram.com/reels/ddb7nktxzkh,https://www.instagram.com/reels/Ddb7NKTxZkh/,,emmylew_designs,Instagram
url:www.instagram.com/reels/ddh2hb8seiw,https://www.instagram.com/reels/Ddh2hb8sEiw/,,mymotherhoodmethod,Instagram
url:www.instagram.com/reels/dc4vhupsbmu,https://www.instagram.com/reels/Dc4VHUpSBmu/,,dwellbyteressa,Instagram
tiktok:7668145152367561997,https://www.tiktok.com/@homebodywithforlisa/video/7668145152367561997?lang=en,,homebodywithforlisa,TikTok
url:www.instagram.com/reels/ddqzy82xyqh,https://www.instagram.com/reels/DdqzY82xyqh/,,emmylew_designs,Instagram
url:www.instagram.com/reels/ddoec0zteyy,https://www.instagram.com/reels/DdoeC0ZteYy/,,emscollectedhome,Instagram
url:www.instagram.com/reels/ddoeddhbtpm,https://www.instagram.com/reels/DdoEdDhBtPm/,,sweethomeology,Instagram
url:www.instagram.com/reels/ddm3iuwucwo,https://www.instagram.com/reels/Ddm3iUWuCwo/,,paisleyathome,Instagram
url:www.instagram.com/reels/ddwd15pioul,https://www.instagram.com/reels/DdwD15pIouL/,,courtneytaylorhome,Instagram
url:www.instagram.com/reels/ddq28qripnh,https://www.instagram.com/reels/Ddq28qripNh/,,courtneytaylorhome,Instagram
url:www.instagram.com/reels/dd119pzpdgb,https://www.instagram.com/reels/Dd119pzpDGB/,,home.withkatrina,Instagram
