creator_id,creator_name,first_selection_date,last_selection_date,last_eligible_post_date,days_since_last_selection,days_since_last_post,eligible_posts,selected_posts,posted_in_last_n_days,segment
12538386,Sarah DuBois,,,2026-09-07 11:11:33,,21,4,0,True,Never selected — still posting
12757347,Prerna Satija,,,2026-09-24 21:25:59,,3,2,0,True,Never selected — still posting
12796072,Jelena H,,,2026-09-24 13:54:37,,4,6,0,True,Never selected — still posting
15050919,Khi 🪭,,,2026-09-05 11:12:18,,23,2,0,True,Never selected — still posting
21488787,Natalie Libot,,,2026-08-30 20:40:44,,28,4,0,True,Never selected — still posting
24232716,Zeinab Ali,,,2026-09-07 07:28:40,,21,2,0,True,Never selected — still posting
24813597,Cher ᥫ᭡,,,2026-09-26 16:19:07,,2,36,0,True,Never selected — still posting
24866084,bloomandflourishinteriors,,,2026-09-03 14:38:48,,25,8,0,True,Never selected — still posting
25319007,Ella | Home decor | Healthy food | Toxic free living.,,,2026-09-23 19:37:32,,5,9,0,True,Never selected — still posting
25487403,Alesha Ball,,,2026-09-10 06:28:00,,18,4,0,True,Never selected — still posting
25524844,Krista Duce,,,2026-09-01 06:22:09,,27,3,0,True,Never selected — still posting
25704700,Navneet Ahluwalia,,,2026-09-10 20:13:33,,17,10,0,True,Never selected — still posting
25707726,Audra Stino,,,2026-09-06 15:18:31,,22,3,0,True,Never selected — still posting
26066679,Briana Holmes,,,2026-09-19 11:42:32,,9,6,0,True,Never selected — still posting
26536440,tereestyles,,,2026-09-04 14:18:51,,24,1,0,True,Never selected — still posting
26813037,Destiny Alfonso,,,2026-09-02 11:17:14,,26,1,0,True,Never selected — still posting
26855930,Anaya Mayhew,,,2026-09-19 05:47:22,,9,8,0,True,Never selected — still posting
27047085,ndavis.usha,,,2026-09-26 19:01:15,,2,8,0,True,Never selected — still posting
27047361,Daygia charles,,,2026-09-26 18:48:47,,2,5,0,True,Never selected — still posting
27173845,Brittany W. | STL Influencer📷,,,2026-09-20 06:56:42,,8,1,0,True,Never selected — still posting
27433213,Loretta VanSante,,,2026-09-25 14:48:50,,3,18,0,True,Never selected — still posting
27457721,Jennifer Means,,,2026-09-15 14:43:48,,13,2,0,True,Never selected — still posting
27459701,Sephora Beauty UGC🇭🇹🇺🇸,,,2026-09-21 23:14:59,,6,2,0,True,Never selected — still posting
27578071,Jennifer Castille 🥳🪩💖,,,2026-08-30 14:46:48,,29,17,0,True,Never selected — still posting
27580404,Melissa,,,2026-09-04 15:48:13,,24,3,0,True,Never selected — still posting
27992420,Lydia Blue Olson,,,2026-09-05 14:01:13,,23,2,0,True,Never selected — still posting
28070837,Laura Reyna,,,2026-09-02 09:16:49,,26,24,0,True,Never selected — still posting
28115882,Ashley Delore,,,2026-09-07 05:45:36,,21,12,0,True,Never selected — still posting
28131179,Imani Love,,,2026-09-19 05:20:51,,9,1,0,True,Never selected — still posting
28315053,Jae Bae 👸🏾🇧🇸,,,2026-09-16 12:10:59,,12,2,0,True,Never selected — still posting
28441246,Wakkirea Levatte,,,2026-09-21 05:57:15,,7,5,0,True,Never selected — still posting
28803037,Megan Veno,,,2026-09-04 08:00:36,,24,14,0,True,Never selected — still posting
28856671,Gloria,,,2026-09-22 08:01:52,,6,1,0,True,Never selected — still posting
28872754,kristin.l.booker,,,2026-09-04 12:50:34,,24,1,0,True,Never selected — still posting
28873126,dymin collins,,,2026-08-31 12:20:26,,28,4,0,True,Never selected — still posting
28996523,DONTCH Charles,,,2026-09-26 13:35:06,,2,482,0,True,Never selected — still posting
29036371,Amber benoit,,,2026-09-10 13:36:57,,18,3,0,True,Never selected — still posting
29099905,Margaret Werba,,,2026-09-23 18:58:38,,5,4,0,True,Never selected — still posting
29195334,lifewithpowells,,,2026-09-25 21:15:08,,2,10,0,True,Never selected — still posting
29199148,Sophia Zheng,,,2026-09-04 20:39:08,,23,2,0,True,Never selected — still posting
29212803,Sara Duval,,,2026-09-22 05:30:46,,6,4,0,True,Never selected — still posting
29214590,Susan • nyc fashion & lifestyle,,,2026-08-31 12:48:23,,28,4,0,True,Never selected — still posting
29283323,Rebecca Phillips,,,2026-09-17 11:12:50,,11,29,0,True,Never selected — still posting
29297016,tahjae.m15,,,2026-09-04 15:33:21,,24,1,0,True,Never selected — still posting
29465557,vanessaeaguirre,,,2026-09-28 12:29:29,,0,3,0,True,Never selected — still posting
29755608,Laila United States,,,2026-09-02 08:06:33,,26,3,0,True,Never selected — still posting
29894391,Terressa Dorsey (FlyGirlDiva),,,2026-09-20 09:41:18,,8,34,0,True,Never selected — still posting
30497835,Yvette Michelle,,,2026-08-31 19:15:36,,28,9,0,True,Never selected — still posting
30564022,Antoinette Wright,,,2026-09-26 20:29:52,,1,45,0,True,Never selected — still posting
30687668,AnneMarie Greenberg,,,2026-09-28 14:22:59,,0,3,0,True,Never selected — still posting
30940824,Libby Loving,,,2026-09-22 18:23:58,,6,3,0,True,Never selected — still posting
31233349,reynosoyajaira21,,,2026-09-23 06:00:02,,5,2,0,True,Never selected — still posting
31261983,Dayna Godsey,,,2026-09-21 14:21:24,,7,2,0,True,Never selected — still posting
31668673,India Chism,,,2026-09-28 19:01:56,,0,54,0,True,Never selected — still posting
32245339,Jackie,,,2026-09-28 12:45:55,,0,3,0,True,Never selected — still posting
32249152,clinique0333,,,2026-09-09 10:42:15,,19,10,0,True,Never selected — still posting
32256957,ogildafdez,,,2026-09-04 21:48:09,,23,5,0,True,Never selected — still posting
32516564,ngozi34,,,2026-09-14 10:03:57,,14,8,0,True,Never selected — still posting
33450111,IRIS Leyton,,,2026-09-13 08:48:44,,15,6,0,True,Never selected — still posting
33562430,Atiana Russell,,,2026-09-09 04:56:39,,19,3,0,True,Never selected — still posting
34644623,stephanie.silver.creates,,,2026-09-04 14:21:45,,24,1,0,True,Never selected — still posting
34816982,vanesaims13,,,2026-09-15 20:24:25,,12,2,0,True,Never selected — still posting
35373674,thekerryfrederickblog,,,2026-09-03 07:09:31,,25,1,0,True,Never selected — still posting
35392373,miamoore198,,,2026-09-23 10:32:04,,5,2,0,True,Never selected — still posting
13806358,Dina Halayqa,,,2026-01-12 07:19:03,,259,1,0,False,Never selected — went dark
16039620,Brittany Scanlan 📍Philadelphia Suburbs,,,2026-03-31 12:12:28,,181,1,0,False,Never selected — went dark
16461174,Daysha O'Pry,,,2026-07-07 18:14:19,,83,1,0,False,Never selected — went dark
17564598,Jill Crowe,,,2026-05-03 02:58:15,,148,5,0,False,Never selected — went dark
21580730,Jordana Pereira,,,2026-08-23 10:57:10,,36,2,0,False,Never selected — went dark
22178111,Diana Whitcomb,,,2026-03-21 06:55:26,,191,2,0,False,Never selected — went dark
22179320,Kirsten Wiggins,,,2026-04-03 12:13:34,,178,4,0,False,Never selected — went dark
22881619,Siham Salhi,,,2026-06-27 06:01:08,,93,9,0,False,Never selected — went dark
23177955,illsie |UGC Creator,,,2026-04-14 15:26:17,,167,2,0,False,Never selected — went dark
23199493,Karen Rosenick,,,2026-06-14 16:09:05,,106,30,0,False,Never selected — went dark
23210481,Krissy Anne Waters,,,2026-03-26 20:31:56,,185,4,0,False,Never selected — went dark
23216087,Alesia Patnode,,,2026-06-01 06:02:36,,119,1,0,False,Never selected — went dark
23219564,dothestylist,,,2026-04-03 17:50:10,,178,6,0,False,Never selected — went dark
23744545,Maria Shelton | Motherhood + Lifestyle Content Creator,,,2026-05-19 16:26:47,,132,2,0,False,Never selected — went dark
23752124,Donnetta Haynes,,,2026-06-12 09:30:00,,108,6,0,False,Never selected — went dark
23883811,Candace Tucker,,,2026-06-03 08:57:06,,117,6,0,False,Never selected — went dark
23961034,Dila Heiden,,,2026-04-19 09:35:55,,162,2,0,False,Never selected — went dark
24007636,morganparrish98,,,2026-01-13 15:35:51,,258,1,0,False,Never selected — went dark
24017751,Andrea Nelson | Home Decor Interior Styling Functional Finds,,,2026-08-28 05:59:33,,31,11,0,False,Never selected — went dark
24039166,Lindsey Hart,,,2026-07-03 12:40:12,,87,5,0,False,Never selected — went dark
24288865,Judith Keriopoulos,,,2026-07-16 06:33:54,,74,11,0,False,Never selected — went dark
24298014,Hai Trinh,,,2026-07-10 12:40:56,,80,4,0,False,Never selected — went dark
24411886,Anastasiya Litvinova,,,2026-01-24 19:43:17,,247,2,0,False,Never selected — went dark
24415638,alwaysdecoratingbeautifully,,,2026-08-16 19:48:27,,43,1,0,False,Never selected — went dark
24418757,Nissa-Lynn Parson • Home & Holiday Decor,,,2026-05-23 05:52:28,,128,9,0,False,Never selected — went dark
24595088,brandy,,,2026-03-06 13:09:57,,206,1,0,False,Never selected — went dark
24654000,Hope Taylor,,,2026-03-17 16:19:37,,195,1,0,False,Never selected — went dark
24691148,Charlee | Build & Create Home,,,2026-05-18 10:58:30,,133,1,0,False,Never selected — went dark
24790557,abraujewelry Enright,,,2026-03-27 16:50:14,,185,1,0,False,Never selected — went dark
24799418,Judith Lato,,,2026-06-14 09:00:06,,106,3,0,False,Never selected — went dark
24812846,DIYJenna • Home + DIY,,,2026-02-27 09:16:04,,213,1,0,False,Never selected — went dark
24812880,Jessica Hopkins,,,2026-06-30 06:59:33,,90,19,0,False,Never selected — went dark
24825191,Relia Fuller,,,2026-06-02 16:10:26,,118,2,0,False,Never selected — went dark
24874152,Shannon Cairns,,,2026-06-02 18:09:45,,118,1,0,False,Never selected — went dark
25008103,Michelle,,,2026-03-08 15:34:55,,204,5,0,False,Never selected — went dark
25058668,Jasmyne McIver,,,2026-05-21 11:24:16,,130,4,0,False,Never selected — went dark
25074285,Michelle inkley,,,2026-06-25 07:57:29,,95,1,0,False,Never selected — went dark
25087516,Jeanette: DIY Home Interiors,,,2026-06-19 11:52:22,,101,1,0,False,Never selected — went dark
25091588,Elaine Citro,,,2026-02-24 15:29:17,,216,2,0,False,Never selected — went dark
25114277,designerhome998,,,2026-04-15 11:36:10,,166,3,0,False,Never selected — went dark
25126547,Marian Betancourt,,,2026-01-03 08:58:30,,268,1,0,False,Never selected — went dark
25216399,Jacqueline Emmons,,,2026-06-22 15:02:33,,98,1,0,False,Never selected — went dark
25311678,iceeresults,,,2026-03-12 17:56:57,,200,6,0,False,Never selected — went dark
25311953,Ruth Largaespada | DIY ✨,,,2026-03-05 06:56:32,,207,3,0,False,Never selected — went dark
25312578,Sue | DIY Home + Decor,,,2026-04-25 11:14:42,,156,4,0,False,Never selected — went dark
25460804,𝓓𝓪𝓷𝓲𝓮𝓵𝓵𝓮 𝓐𝓵𝓪𝓷𝓷𝓪 | Teacher| 📚,,,2026-03-24 19:30:46,,188,1,0,False,Never selected — went dark
25467652,hechose_tay,,,2026-01-20 08:17:21,,251,1,0,False,Never selected — went dark
25480704,Julia Celestino,,,2026-03-27 13:38:11,,185,2,0,False,Never selected — went dark
25480784,Lindsay Aratari,,,2026-03-17 16:14:25,,195,9,0,False,Never selected — went dark
25518417,Alynne | home decor + interior styling,,,2026-05-21 05:59:13,,130,4,0,False,Never selected — went dark
25529361,Grace Coburn,,,2026-07-13 07:00:07,,77,4,0,False,Never selected — went dark
25534963,Cass | home&motherhood,,,2026-08-07 16:06:40,,52,4,0,False,Never selected — went dark
25536696,topaz.the.gem,,,2026-05-19 18:26:04,,132,1,0,False,Never selected — went dark
25769697,Naf,,,2026-03-31 15:00:29,,181,1,0,False,Never selected — went dark
25775577,Emily Connors,,,2026-03-09 14:58:37,,203,2,0,False,Never selected — went dark
25812861,Nash Torres,,,2026-05-18 08:02:36,,133,1,0,False,Never selected — went dark
25910987,Cali Edwards,,,2026-04-14 20:03:43,,166,1,0,False,Never selected — went dark
25936352,Rosa Yungen,,,2026-08-24 17:28:05,,35,5,0,False,Never selected — went dark
25990158,Acacia Harris,,,2026-03-28 08:00:53,,184,4,0,False,Never selected — went dark
25990197,Chelsea Thompson Atlanta  GA,,,2026-02-24 09:15:59,,216,2,0,False,Never selected — went dark
26052411,Ilma Khan,,,2026-06-29 21:03:51,,90,17,0,False,Never selected — went dark
26082685,Lisa Davis,,,2026-04-26 12:22:55,,155,2,0,False,Never selected — went dark
26082827,mshollyinspired,,,2026-03-06 15:05:47,,206,2,0,False,Never selected — went dark
26091356,Elle Sandman-Sacher,,,2026-05-05 23:13:50,,145,1,0,False,Never selected — went dark
26108697,miranda Bubel,,,2026-05-04 07:41:15,,147,1,0,False,Never selected — went dark
26127899,Muneca Newmyer,,,2026-03-04 09:16:07,,208,1,0,False,Never selected — went dark
26161071,Molly Saint,,,2026-06-05 11:02:44,,115,3,0,False,Never selected — went dark
26249014,Betsy Kirshner,,,2026-03-27 13:16:39,,185,2,0,False,Never selected — went dark
26253080,Maura Foy,,,2026-03-27 07:33:36,,185,1,0,False,Never selected — went dark
26262963,Deondra Morris,,,2026-03-26 16:27:41,,186,2,0,False,Never selected — went dark
26265000,HEATHER | healthy + easy nut free recipes,,,2026-01-28 14:34:21,,243,1,0,False,Never selected — went dark
26265692,Tiffany Rey,,,2026-05-07 16:07:44,,144,2,0,False,Never selected — went dark
26271967,Natalie Menichetti,,,2026-03-11 18:54:08,,201,3,0,False,Never selected — went dark
26272062,Danielle Saluan,,,2026-06-11 16:24:23,,109,2,0,False,Never selected — went dark
26290825,raimie h,,,2026-03-31 09:34:49,,181,6,0,False,Never selected — went dark
26294819,Annie Fernandez,,,2026-03-24 13:08:36,,188,1,0,False,Never selected — went dark
26295132,Aylin Zorlular,,,2026-04-13 21:11:01,,167,1,0,False,Never selected — went dark
26419401,Anner Turner,,,2026-06-09 19:05:52,,111,1,0,False,Never selected — went dark
26497386,esteves.treasure,,,2026-03-15 11:26:32,,197,2,0,False,Never selected — went dark
26505930,jalema Wallace,,,2026-08-02 07:29:35,,57,7,0,False,Never selected — went dark
26546942,Antoinette Faltz-McQueen,,,2026-03-19 14:41:46,,193,2,0,False,Never selected — went dark
26576365,Jaelyn DeVito,,,2026-03-24 18:17:16,,188,1,0,False,Never selected — went dark
26597856,queen tay ♡,,,2026-03-30 22:38:09,,181,1,0,False,Never selected — went dark
26634409,Mahalia Myrel,,,2026-06-17 09:24:52,,103,1,0,False,Never selected — went dark
26645318,McKenna Gehrke,,,2026-02-24 15:55:06,,216,1,0,False,Never selected — went dark
26663340,maytecita69,,,2026-06-13 05:50:27,,107,12,0,False,Never selected — went dark
26672764,thedesignnotebook29,,,2026-02-24 20:55:24,,215,2,0,False,Never selected — went dark
26714240,davidtorres17373,,,2026-03-26 16:01:29,,186,8,0,False,Never selected — went dark
26774214,Lereiya Martin,,,2026-04-19 10:28:36,,162,5,0,False,Never selected — went dark
26908040,Dreux Monique,,,2026-06-03 17:18:03,,117,1,0,False,Never selected — went dark
26947848,Anna Gandrabur,,,2026-07-24 13:16:04,,66,1,0,False,Never selected — went dark
26948910,ashley | Nashville  TN lifestyle + motherhood ♥︎,,,2026-01-25 23:22:52,,245,2,0,False,Never selected — went dark
26949725,Athena | Content Creator,,,2026-02-19 20:35:41,,220,3,0,False,Never selected — went dark
27045909,Ashley Rose Arcement 🌹 NYC + Travel Mom Life,,,2026-06-23 12:53:26,,97,3,0,False,Never selected — went dark
27070483,peytdalecollins,,,2026-03-26 08:48:17,,186,1,0,False,Never selected — went dark
27128078,Jadalen Asher,,,2026-05-10 09:00:24,,141,5,0,False,Never selected — went dark
27137095,Gracie Gonzalez,,,2026-07-08 00:56:18,,82,3,0,False,Never selected — went dark
27158451,Gh Dolly,,,2026-02-20 08:12:09,,220,2,0,False,Never selected — went dark
27175139,Catherine Grassel,,,2026-07-25 12:40:36,,65,13,0,False,Never selected — went dark
27175223,Cheyanne  Blankenship,,,2026-03-26 15:31:47,,186,1,0,False,Never selected — went dark
27189821,Sophia Ali,,,2026-05-21 06:45:10,,130,1,0,False,Never selected — went dark
27231689,Dominique M. Rose | Columbus  Ohio,,,2026-01-06 17:30:14,,265,4,0,False,Never selected — went dark
27233433,Karisma Angelle,,,2026-08-17 08:30:35,,42,2,0,False,Never selected — went dark
27234571,Dasha Ambrose,,,2026-01-19 17:29:13,,252,4,0,False,Never selected — went dark
27260617,Jennifer Sutton,,,2026-07-27 11:25:49,,63,2,0,False,Never selected — went dark
27280786,Christy May,,,2026-03-26 14:33:29,,186,2,0,False,Never selected — went dark
27342413,keelymcdannold,,,2026-02-23 10:13:51,,217,5,0,False,Never selected — went dark
27386597,itsmeleaux,,,2026-03-24 20:09:19,,187,1,0,False,Never selected — went dark
27397496,Food • Family • Travel • Humor,,,2026-06-01 22:39:28,,118,3,0,False,Never selected — went dark
27398112,Melissa Lemonnier,,,2026-08-24 11:16:39,,35,1,0,False,Never selected — went dark
27408690,Adeline Nkonkeng,,,2026-04-19 12:14:44,,162,1,0,False,Never selected — went dark
27431443,Petr Balcarovsky,,,2026-08-11 12:54:11,,48,3,0,False,Never selected — went dark
27440310,pans_and_obsessions,,,2026-08-28 05:33:46,,31,1,0,False,Never selected — went dark
27440459,Kassidy Taylor,,,2026-03-21 22:19:06,,190,6,0,False,Never selected — went dark
27440469,Chrysalis | Choices with Chrysalis,,,2026-03-15 13:34:15,,197,2,0,False,Never selected — went dark
27457365,Kadi | Type 4 Natural Hair Girlie,,,2026-03-13 18:11:14,,199,5,0,False,Never selected — went dark
27458142,Madison Urban,,,2026-06-25 04:00:09,,95,1,0,False,Never selected — went dark
27461862,Phene Wardlaw,,,2026-01-05 08:39:53,,266,1,0,False,Never selected — went dark
27574228,Angie Agerter,,,2026-07-08 14:46:47,,82,13,0,False,Never selected — went dark
27579767,Liliia UGC Creator | Lifestyle & Family,,,2026-01-28 11:26:41,,243,1,0,False,Never selected — went dark
27601935,Roxanne Levy,,,2026-03-23 14:18:36,,189,2,0,False,Never selected — went dark
27603995,xilaxphanx,,,2026-01-05 11:46:57,,266,1,0,False,Never selected — went dark
27690681,Esmine Crosby,,,2026-07-11 16:47:32,,79,7,0,False,Never selected — went dark
27691191,Sandra Loera,,,2026-01-23 16:10:59,,248,1,0,False,Never selected — went dark
27856880,Milly Shanghai,,,2026-03-26 11:36:19,,186,1,0,False,Never selected — went dark
27894793,Marette Flora,,,2026-05-24 07:32:49,,127,1,0,False,Never selected — went dark
27916284,Shelby Pettiford,,,2026-06-16 09:48:24,,104,3,0,False,Never selected — went dark
27929645,Hannah Nicole McGhee,,,2026-03-27 16:36:33,,185,1,0,False,Never selected — went dark
27930006,Jessica| Lifestyle Fashion Creator,,,2026-06-13 08:11:17,,107,13,0,False,Never selected — went dark
28041644,Paulina Vickers,,,2026-03-21 06:40:16,,191,1,0,False,Never selected — went dark
28041719,Allie Kelley,,,2026-04-23 15:07:07,,158,6,0,False,Never selected — went dark
28071558,Lauren Potter,,,2026-01-27 14:10:43,,244,1,0,False,Never selected — went dark
28080283,Briana White,,,2026-01-03 10:11:53,,268,2,0,False,Never selected — went dark
28089297,Fred Hood,,,2026-03-04 19:54:02,,208,3,0,False,Never selected — went dark
28093180,Courtney Guillory | JRNY TRAVEL,,,2026-01-31 08:08:48,,240,1,0,False,Never selected — went dark
28095156,syd🌟,,,2026-02-18 04:17:32,,222,4,0,False,Never selected — went dark
28129909,MAHI CHAURASIA,,,2026-03-12 12:15:18,,200,1,0,False,Never selected — went dark
28139800,sophonie Brice,,,2026-06-09 18:19:46,,111,3,0,False,Never selected — went dark
28152552,Judy Cardona,,,2026-03-25 13:45:43,,187,1,0,False,Never selected — went dark
28170637,Stevi  Werner,,,2026-05-14 22:42:52,,136,3,0,False,Never selected — went dark
28345371,Kate Eschbach,,,2026-03-17 15:42:40,,195,2,0,False,Never selected — went dark
28348152,Chastity Pittman,,,2026-03-20 19:33:02,,192,3,0,False,Never selected — went dark
28353360,Jocelyn Cook,,,2026-03-06 08:00:17,,206,2,0,False,Never selected — went dark
28354173,Art + Design,,,2026-03-31 08:28:21,,181,1,0,False,Never selected — went dark
28407757,Jess Rodgers,,,2026-03-27 17:36:26,,185,1,0,False,Never selected — went dark
28413399,kamrynnnrose,,,2026-07-30 11:40:06,,60,2,0,False,Never selected — went dark
28417810,Cherika Daniel,,,2026-01-29 15:52:22,,242,1,0,False,Never selected — went dark
28426058,artbycecilivilli,,,2026-03-20 18:50:06,,192,3,0,False,Never selected — went dark
28426574,karinatsac,,,2026-03-27 11:35:34,,185,1,0,False,Never selected — went dark
28426980,thorntonshanna1011,,,2026-03-07 22:07:41,,204,10,0,False,Never selected — went dark
28427698,Liza Grier,,,2026-06-13 04:11:51,,107,5,0,False,Never selected — went dark
28431932,Danielle Marie,,,2026-07-25 07:42:53,,65,1,0,False,Never selected — went dark
28462539,Maureen Fitzgerald,,,2026-06-03 12:59:52,,117,1,0,False,Never selected — went dark
28485788,Patricia Holly,,,2026-07-08 08:11:53,,82,5,0,False,Never selected — went dark
28537874,workwithnatalee,,,2026-06-09 03:59:05,,111,5,0,False,Never selected — went dark
28538089,dulce.bodeguita.2023,,,2026-06-28 22:43:31,,91,4,0,False,Never selected — went dark
28572366,themrsgriff,,,2026-03-10 14:40:25,,202,3,0,False,Never selected — went dark
28591965,Jai-Leta Colvard,,,2026-06-17 00:07:35,,103,4,0,False,Never selected — went dark
28606415,Shannon Grant,,,2026-08-20 12:54:41,,39,6,0,False,Never selected — went dark
28607562,Emily Rosario,,,2026-03-24 14:57:11,,188,1,0,False,Never selected — went dark
28608311,Jessica Romero 👨‍👩‍👧,,,2026-01-30 16:10:25,,241,1,0,False,Never selected — went dark
28651689,Sanya Zaman,,,2026-04-14 11:35:09,,167,1,0,False,Never selected — went dark
28739079,Isis ferrer,,,2026-04-10 15:07:41,,171,2,0,False,Never selected — went dark
28791607,Svitlana Bazylevych,,,2026-06-28 17:06:21,,92,3,0,False,Never selected — went dark
28846190,Annie F. Downs,,,2026-05-01 08:02:51,,150,1,0,False,Never selected — went dark
28862438,Brooks Wingate,,,2026-04-09 10:12:37,,172,1,0,False,Never selected — went dark
28904479,Jewel Melissa,,,2026-05-27 05:26:09,,124,4,0,False,Never selected — went dark
28931203,Courtlynn💗,,,2026-01-13 17:00:20,,258,1,0,False,Never selected — went dark
28948586,jrdz2009,,,2026-07-23 07:02:47,,67,2,0,False,Never selected — went dark
28957083,daryazh85,,,2026-01-29 14:47:01,,242,1,0,False,Never selected — went dark
28989282,The Hackbarths 🧡 A Cincinnati family,,,2026-07-21 11:34:18,,69,2,0,False,Never selected — went dark
29012491,AJ Newman,,,2026-04-13 09:03:17,,168,6,0,False,Never selected — went dark
29015356,calita Ferreira Lummertz,,,2026-07-18 08:28:16,,72,8,0,False,Never selected — went dark
29036189,CARMS | Skincare | Beauty | Fashion | Lifestyle,,,2026-04-15 17:56:38,,166,2,0,False,Never selected — went dark
29036198,🎉 UGC creator - Beauty  skincare  makeup and more! 🌸 I'm Rocio,,,2026-03-26 09:24:44,,186,1,0,False,Never selected — went dark
29036498,NANA LAWRENCE,,,2026-03-29 09:00:02,,183,1,0,False,Never selected — went dark
29036557,Krystn Walmsley,,,2026-04-06 14:57:36,,175,1,0,False,Never selected — went dark
29087558,Jessica Peavey,,,2026-06-04 20:28:13,,115,2,0,False,Never selected — went dark
29118033,Bilikisu Shinaba,,,2026-04-12 13:37:35,,169,1,0,False,Never selected — went dark
29173519,Joi Elmore,,,2026-06-10 17:28:41,,110,9,0,False,Never selected — went dark
29194214,laurynashleyxx,,,2026-01-17 15:41:07,,254,2,0,False,Never selected — went dark
29194283,Adaora Ezeji-Okoye,,,2026-04-02 16:30:13,,179,1,0,False,Never selected — went dark
29199073,khandeece,,,2026-06-22 12:33:22,,98,1,0,False,Never selected — went dark
29234670,Sharmila Kc,,,2026-04-25 09:09:00,,156,2,0,False,Never selected — went dark
29238056,Allie Barron,,,2026-01-10 10:52:27,,261,1,0,False,Never selected — went dark
29245056,s.dialdesigns,,,2026-02-25 15:14:39,,215,2,0,False,Never selected — went dark
29271201,Ketra Dixon,,,2026-01-09 13:55:14,,262,2,0,False,Never selected — went dark
29294907,goodgirlraven1993,,,2026-06-21 11:57:32,,99,1,0,False,Never selected — went dark
29295140,reikanaya17,,,2026-01-02 18:27:47,,269,1,0,False,Never selected — went dark
29300236,Kristin Ardor,,,2026-04-09 02:48:39,,172,1,0,False,Never selected — went dark
29386705,amylang248,,,2026-07-22 03:35:29,,68,4,0,False,Never selected — went dark
29406006,Kelley ORourke,,,2026-03-07 07:35:54,,205,4,0,False,Never selected — went dark
29406183,itlookedgoodonline,,,2026-06-24 18:24:40,,96,9,0,False,Never selected — went dark
29406257,Bgcherie,,,2026-01-30 09:10:55,,241,1,0,False,Never selected — went dark
29406892,smickx14,,,2026-04-08 16:48:32,,173,1,0,False,Never selected — went dark
29465538,bre_legal,,,2026-02-28 05:04:04,,212,1,0,False,Never selected — went dark
29508626,Maria  castillo,,,2026-04-01 16:25:06,,180,2,0,False,Never selected — went dark
29518694,Brindy Hamstra,,,2026-03-11 05:29:39,,201,3,0,False,Never selected — went dark
29529536,Dayana Ruiz | Repostera & Mentora Digital | Miami,,,2026-06-20 10:19:16,,100,1,0,False,Never selected — went dark
29539393,aprilapplesauce,,,2026-01-20 09:52:43,,251,1,0,False,Never selected — went dark
29553824,sharikakendle,,,2026-07-03 12:52:33,,87,3,0,False,Never selected — went dark
29559803,Guerlande Appolon,,,2026-06-27 01:56:28,,93,3,0,False,Never selected — went dark
29603916,sbangash1,,,2026-01-07 05:04:17,,264,1,0,False,Never selected — went dark
29627971,Chelsea Still,,,2026-01-16 08:15:18,,255,1,0,False,Never selected — went dark
29655443,callmehomeyllc,,,2026-06-22 15:14:35,,98,3,0,False,Never selected — went dark
29666841,jessicaarmstrongtrapp,,,2026-02-21 15:36:24,,219,2,0,False,Never selected — went dark
29668378,Monnea Johnson,,,2026-01-18 11:20:39,,253,2,0,False,Never selected — went dark
29692601,valvesna.visuals,,,2026-02-23 08:21:34,,217,1,0,False,Never selected — went dark
29710604,Kelsey Campbell,,,2026-05-25 14:48:27,,126,3,0,False,Never selected — went dark
29721838,HERMOSA SANDERS | Actress,,,2026-02-16 17:21:30,,224,2,0,False,Never selected — went dark
29731312,Larry Johnson,,,2026-04-04 13:46:05,,177,4,0,False,Never selected — went dark
29742263,shanna,,,2026-01-16 09:18:54,,255,1,0,False,Never selected — went dark
29756474,Katina Qualls,,,2026-04-01 20:32:06,,179,6,0,False,Never selected — went dark
29851833,Heather Parker,,,2026-02-18 04:38:34,,222,1,0,False,Never selected — went dark
29866955,rsullins16,,,2026-06-19 15:14:57,,101,1,0,False,Never selected — went dark
29872147,mikayak18,,,2026-02-09 09:16:29,,231,7,0,False,Never selected — went dark
29901596,Carolyn Gardner,,,2026-04-27 10:07:54,,154,1,0,False,Never selected — went dark
29908243,Tatiana Plakso,,,2026-07-21 05:41:55,,69,10,0,False,Never selected — went dark
29944309,𝕵𝖆𝖒𝖆𝖗𝖎𝖚𝖘 𝖂𝖆𝖑𝖑𝖆𝖈𝖊 ♛,,,2026-04-02 14:13:47,,179,2,0,False,Never selected — went dark
29948063,ugcwithjennifer,,,2026-06-10 00:29:34,,110,2,0,False,Never selected — went dark
29960710,Deazy Lee,,,2026-03-18 15:51:04,,194,8,0,False,Never selected — went dark
30014630,kaliyah.hofmann,,,2026-03-02 16:38:08,,210,1,0,False,Never selected — went dark
30047755,Lena Severe,,,2026-04-07 08:38:23,,174,3,0,False,Never selected — went dark
30069843,klq4ever5,,,2026-03-03 05:50:03,,209,1,0,False,Never selected — went dark
30076103,thebrilauren,,,2026-05-09 17:34:07,,142,3,0,False,Never selected — went dark
30199163,wellnesshives,,,2026-08-03 15:22:26,,56,3,0,False,Never selected — went dark
30199398,simonemci.inf,,,2026-01-11 20:01:09,,259,1,0,False,Never selected — went dark
30208297,fishingwithchels,,,2026-03-08 18:16:18,,204,1,0,False,Never selected — went dark
30208803,TAMIEKA SMITH,,,2026-03-31 20:52:39,,180,2,0,False,Never selected — went dark
30285151,Andaleeb Daniyal,,,2026-03-08 20:39:35,,203,27,0,False,Never selected — went dark
30344930,thatfamousfamily,,,2026-01-27 13:13:03,,244,2,0,False,Never selected — went dark
30492802,Teneice Permission (Teneice),,,2026-03-28 11:42:49,,184,6,0,False,Never selected — went dark
30497984,Natalie Jennings,,,2026-04-08 18:31:09,,173,1,0,False,Never selected — went dark
30498814,Devin Wyatt Johnson,,,2026-08-21 04:56:44,,38,21,0,False,Never selected — went dark
30509048,LaShandra Woods,,,2026-06-22 16:29:19,,98,12,0,False,Never selected — went dark
30572268,Amazeshia Triplett,,,2026-03-02 17:31:42,,210,2,0,False,Never selected — went dark
30595512,jalene Duressa,,,2026-05-21 06:45:13,,130,2,0,False,Never selected — went dark
30604397,Shannon  Gladen,,,2026-04-18 07:56:18,,163,1,0,False,Never selected — went dark
30635969,Ashley Hankins,,,2026-07-18 05:19:09,,72,3,0,False,Never selected — went dark
30636095,emilyalhome,,,2026-06-13 13:09:24,,107,1,0,False,Never selected — went dark
30643061,Rebekka Mathews,,,2026-03-23 18:43:23,,189,5,0,False,Never selected — went dark
30669990,Megan Spaziani,,,2026-01-30 00:35:52,,241,2,0,False,Never selected — went dark
30687827,_tressaaa,,,2026-05-28 17:42:51,,123,1,0,False,Never selected — went dark
30688123,alli_cara,,,2026-05-31 09:45:32,,120,1,0,False,Never selected — went dark
30699492,Chantice_at_home,,,2026-06-12 11:59:56,,108,4,0,False,Never selected — went dark
30769521,bsummersx3,,,2026-02-11 16:47:45,,229,1,0,False,Never selected — went dark
30780386,Shana Carter,,,2026-06-02 15:51:19,,118,4,0,False,Never selected — went dark
30824825,Alex,,,2026-05-14 11:08:10,,137,1,0,False,Never selected — went dark
30824826,user1069537697228,,,2026-03-31 21:28:32,,180,1,0,False,Never selected — went dark
30838080,thetimelessnest.ry,,,2026-08-12 08:37:22,,47,1,0,False,Never selected — went dark
30851020,Ofelia Ornelas,,,2026-03-02 17:48:50,,210,2,0,False,Never selected — went dark
30862985,Nancy Mitchell,,,2026-02-24 14:12:24,,216,2,0,False,Never selected — went dark
30872509,Martha P. Gulley,,,2026-06-22 15:51:27,,98,5,0,False,Never selected — went dark
30905350,Nuri Joseph,,,2026-04-25 12:42:13,,156,6,0,False,Never selected — went dark
30968001,collabsbygiharyar,,,2026-03-27 12:05:42,,185,1,0,False,Never selected — went dark
30968291,pinkwithsonshine,,,2026-07-22 15:01:10,,68,5,0,False,Never selected — went dark
31224298,createdbyallisondc,,,2026-03-09 16:48:48,,203,3,0,False,Never selected — went dark
31264543,kennabrown123,,,2026-05-01 19:21:36,,150,1,0,False,Never selected — went dark
31269778,pamelarivasfigueroa9210,,,2026-03-15 18:43:21,,197,2,0,False,Never selected — went dark
31341546,Tesha,,,2026-06-21 19:06:38,,99,1,0,False,Never selected — went dark
31399334,Nuwoe Wornor Toe,,,2026-04-23 15:40:58,,158,6,0,False,Never selected — went dark
31540890,gakosyam,,,2026-04-27 15:29:30,,154,1,0,False,Never selected — went dark
31544652,miacollaborates,,,2026-07-05 07:12:38,,85,2,0,False,Never selected — went dark
31544909,Mary McGregor,,,2026-06-08 20:18:04,,111,5,0,False,Never selected — went dark
31733022,reneawilliams876,,,2026-05-20 15:27:53,,131,2,0,False,Never selected — went dark
31768618,shantiajefferson,,,2026-05-15 16:11:26,,136,7,0,False,Never selected — went dark
31915507,Hailey Thomas,,,2026-06-27 09:33:20,,93,2,0,False,Never selected — went dark
32035348,sallgrim83,,,2026-05-21 13:50:33,,130,2,0,False,Never selected — went dark
32106923,noreynoly,,,2026-05-13 11:00:00,,138,4,0,False,Never selected — went dark
32111436,Daniela DiMaggio,,,2026-06-06 07:57:52,,114,3,0,False,Never selected — went dark
32426964,shaytaylor1024,,,2026-05-26 15:38:22,,125,3,0,False,Never selected — went dark
32605615,stephainegg,,,2026-06-06 21:24:18,,113,1,0,False,Never selected — went dark
32625465,Sydney Batallas,,,2026-05-28 18:54:06,,123,1,0,False,Never selected — went dark
32633442,candacecurates,,,2026-06-22 17:47:39,,98,1,0,False,Never selected — went dark
32867560,stephjlgirl1,,,2026-06-08 10:52:05,,112,5,0,False,Never selected — went dark
32903903,hello,,,2026-06-11 09:34:14,,109,1,0,False,Never selected — went dark
32931859,domnicoleluv,,,2026-07-14 20:39:24,,75,1,0,False,Never selected — went dark
32939379,Cornesha Robinson,,,2026-08-16 10:49:32,,43,2,0,False,Never selected — went dark
32941810,rosalisantiago97,,,2026-04-18 18:08:59,,163,1,0,False,Never selected — went dark
33111802,LeAnne Stadler,,,2026-06-18 08:44:53,,102,2,0,False,Never selected — went dark
33387627,e_az,,,2026-06-16 14:38:54,,104,1,0,False,Never selected — went dark
33452711,Alexandria Smith,,,2026-07-25 14:56:02,,65,4,0,False,Never selected — went dark
33507917,buttah.ib,,,2026-07-21 15:19:35,,69,2,0,False,Never selected — went dark
33511511,nellecreates,,,2026-06-30 08:48:19,,90,1,0,False,Never selected — went dark
33720010,Buddy,,,2026-07-10 12:14:43,,80,1,0,False,Never selected — went dark
33829374,terriwake23,,,2026-07-30 09:21:51,,60,3,0,False,Never selected — went dark
33906355,amberdaugherty396,,,2026-06-22 20:39:32,,97,2,0,False,Never selected — went dark
33978908,Katherine Perez,,,2026-07-16 08:07:31,,74,1,0,False,Never selected — went dark
34057576,Courtney Conklin,,,2026-06-21 13:41:04,,99,1,0,False,Never selected — went dark
34220160,Lindsay Martino,,,2026-07-08 17:52:35,,82,2,0,False,Never selected — went dark
34379625,Lacey Russell,,,2026-07-18 20:16:18,,71,3,0,False,Never selected — went dark
34416211,akamawmi@gmail.com,,,2026-08-08 09:27:49,,51,3,0,False,Never selected — went dark
34416551,cassidy.diagostino,,,2026-07-17 15:44:42,,73,3,0,False,Never selected — went dark
34658659,Mia Bettino,,,2026-07-22 20:16:39,,67,2,0,False,Never selected — went dark
34803711,martunia33,,,2026-08-15 05:33:37,,44,3,0,False,Never selected — went dark
34870547,Ken's Beauty Bar,,,2026-08-16 19:57:08,,43,1,0,False,Never selected — went dark
29950115,Susana  Lopez,2026-05-15 00:00:00,2026-06-25 00:00:00,2026-09-28 19:02:54,95.0,0,78,10,True,Past selector — still posting
22224163,Rana Gharzeddine,2026-03-02 00:00:00,2026-06-24 00:00:00,2026-09-26 20:32:50,96.0,1,13,6,True,Past selector — still posting
28065337,Adriana Quaranto,2026-06-17 08:31:56,2026-06-17 08:31:56,2026-09-24 10:50:26,103.0,4,110,1,True,Past selector — still posting
30340556,Mehdi Hosseinzadeh,2026-01-21 00:00:00,2026-06-17 00:00:00,2026-09-10 15:53:44,103.0,18,58,10,True,Past selector — still posting
27604142,Julie,2026-03-30 10:40:05,2026-06-14 18:34:04,2026-09-01 13:36:55,106.0,27,37,2,True,Past selector — still posting
22485419,shawnee  Krahulik,2026-06-12 00:00:00,2026-06-12 00:00:00,2026-09-10 10:03:06,108.0,18,8,1,True,Past selector — still posting
24773235,Joyce Cheng,2026-03-09 00:00:00,2026-06-12 00:00:00,2026-09-21 07:33:39,108.0,7,149,24,True,Past selector — still posting
25205302,Carrie Passaro,2025-01-08 00:00:00,2026-06-12 00:00:00,2026-09-10 10:08:59,108.0,18,230,45,True,Past selector — still posting
25284766,BonBon Bell,2026-02-26 00:00:00,2026-06-12 00:00:00,2026-09-18 05:38:33,108.0,10,101,14,True,Past selector — still posting
26794287,Christa Carter-Williams,2026-01-26 00:00:00,2026-06-12 00:00:00,2026-09-16 17:36:21,108.0,12,52,6,True,Past selector — still posting
26952770,June Cruz,2026-03-10 00:00:00,2026-06-12 00:00:00,2026-09-09 11:16:02,108.0,19,69,16,True,Past selector — still posting
27911901,Jessica Weintraub,2026-02-16 10:15:37,2026-06-12 00:00:00,2026-09-21 11:56:55,108.0,7,81,8,True,Past selector — still posting
29755451,breiana duncan,2026-06-12 00:00:00,2026-06-12 00:00:00,2026-09-20 08:52:37,108.0,8,11,1,True,Past selector — still posting
26554489,Wes Frei,2026-02-03 00:00:00,2026-06-10 00:00:00,2026-09-23 07:01:07,110.0,5,19,3,True,Past selector — still posting
26925412,Tina Teal,2026-02-14 14:40:15,2026-06-10 00:00:00,2026-09-23 17:26:06,110.0,5,298,35,True,Past selector — still posting
26950853,Pamela Randolph,2026-01-18 00:00:00,2026-06-10 00:00:00,2026-09-25 01:38:40,110.0,3,59,12,True,Past selector — still posting
28872637,Dana Cole,2025-01-08 00:00:00,2026-06-10 00:00:00,2026-09-24 05:25:27,110.0,4,87,21,True,Past selector — still posting
29083830,Hollie Choules,2026-03-10 00:00:00,2026-06-10 00:00:00,2026-09-22 07:39:12,110.0,6,531,5,True,Past selector — still posting
29851726,Emily Lewandowski,2026-03-18 00:00:00,2026-06-10 00:00:00,2026-09-25 10:17:40,110.0,3,87,19,True,Past selector — still posting
29948234,Kayla Sue Roberts,2026-05-19 00:00:00,2026-06-10 00:00:00,2026-09-22 13:15:37,110.0,6,59,7,True,Past selector — still posting
30636479,Chardeney Mason,2026-05-13 00:00:00,2026-06-10 00:00:00,2026-09-17 16:04:27,110.0,11,36,6,True,Past selector — still posting
30770303,Maggie Stacey,2026-05-26 00:00:00,2026-06-10 00:00:00,2026-09-23 17:39:36,110.0,5,48,10,True,Past selector — still posting
26857082,Jill Jones- thetidytrendy,2025-01-08 00:00:00,2026-06-08 00:00:00,2026-09-24 08:13:46,112.0,4,164,19,True,Past selector — still posting
26045548,LaScotia Pinkney,2026-03-10 00:00:00,2026-06-03 00:00:00,2026-09-06 09:53:35,117.0,22,42,2,True,Past selector — still posting
27410350,Claudy Pelingon,2026-04-23 00:00:00,2026-06-03 00:00:00,2026-09-28 11:13:03,117.0,0,9,2,True,Past selector — still posting
27602131,Meg Tyndall,2026-03-09 00:00:00,2026-06-03 00:00:00,2026-09-25 11:14:17,117.0,3,117,18,True,Past selector — still posting
31252135,renauandco,2026-05-12 00:00:00,2026-06-03 00:00:00,2026-09-27 12:01:44,117.0,1,21,4,True,Past selector — still posting
27580718,Patrick Lee,2026-01-06 00:00:00,2026-05-29 00:00:00,2026-08-31 15:03:10,122.0,28,23,2,True,Past selector — still posting
26325991,Tannesia Speed,2026-02-05 00:00:00,2026-05-27 00:00:00,2026-09-27 13:02:47,124.0,1,38,6,True,Past selector — still posting
28978549,Leslie Rioveros,2026-05-27 00:00:00,2026-05-27 00:00:00,2026-09-15 13:48:57,124.0,13,8,2,True,Past selector — still posting
26536472,Jenn Rogers-Kelley,2026-05-19 00:00:00,2026-05-19 00:00:00,2026-09-28 08:55:55,132.0,0,88,6,True,Past selector — still posting
25911907,Keona Crenshaw,2026-02-03 00:00:00,2026-05-15 00:00:00,2026-09-21 03:26:09,136.0,7,116,7,True,Past selector — still posting
30891188,NICOLE LANIGAN,2026-05-15 00:00:00,2026-05-15 00:00:00,2026-08-30 05:00:00,136.0,29,29,5,True,Past selector — still posting
13010409,Medina Colaku,2026-03-27 12:13:29,2026-05-14 00:00:00,2026-09-25 11:53:43,137.0,3,77,7,True,Past selector — still posting
24242146,Shaquana Dawes,2026-04-02 00:00:00,2026-05-14 00:00:00,2026-09-27 10:27:52,137.0,1,39,2,True,Past selector — still posting
29176259,Madison T.,2026-02-09 00:00:00,2026-05-14 00:00:00,2026-09-11 10:31:26,137.0,17,26,7,True,Past selector — still posting
25708011,Lauren Worth,2026-01-13 00:00:00,2026-05-13 00:00:00,2026-09-18 16:40:09,138.0,10,36,3,True,Past selector — still posting
26253481,Chelsea Greer,2026-02-17 15:02:28,2026-05-13 00:00:00,2026-09-28 18:14:03,138.0,0,53,9,True,Past selector — still posting
14816908,Marlene Cordero,2026-01-21 00:00:00,2026-05-12 00:00:00,2026-09-12 06:24:26,139.0,16,48,7,True,Past selector — still posting
24294288,christen Mencaccini,2026-03-02 00:00:00,2026-05-12 00:00:00,2026-09-03 12:49:03,139.0,25,38,8,True,Past selector — still posting
24302351,Brittany Spoerhase,2026-01-20 00:00:00,2026-05-12 00:00:00,2026-09-05 09:25:43,139.0,23,62,7,True,Past selector — still posting
24777708,Hannah Joyce,2026-01-21 00:00:00,2026-05-12 00:00:00,2026-09-25 07:24:11,139.0,3,43,10,True,Past selector — still posting
27398907,rachelsreno,2026-04-28 00:00:00,2026-05-12 00:00:00,2026-09-17 07:05:02,139.0,11,27,8,True,Past selector — still posting
28537814,Xhulja Ifrim,2026-02-05 00:00:00,2026-05-12 00:00:00,2026-09-28 17:18:26,139.0,0,10,2,True,Past selector — still posting
24440867,Savannah Pratt Sharma,2026-04-21 00:00:00,2026-05-07 00:00:00,2026-09-10 09:00:16,144.0,18,71,7,True,Past selector — still posting
24518531,Alexia Reina Mubayiwa,2026-02-10 05:46:50,2026-05-07 00:00:00,2026-09-09 05:23:01,144.0,19,13,4,True,Past selector — still posting
26954966,Quintiara ford,2026-01-13 00:00:00,2026-05-07 00:00:00,2026-09-27 04:00:30,144.0,1,61,4,True,Past selector — still posting
28796510,India Mendez,2026-03-30 01:22:02,2026-05-07 00:00:00,2026-09-05 13:10:06,144.0,23,47,6,True,Past selector — still posting
25410452,Brianeisha Thompson,2026-03-23 00:00:00,2026-05-06 00:00:00,2026-09-25 06:00:15,145.0,3,52,2,True,Past selector — still posting
23198472,Dzanina Tahirovic,2026-02-26 00:00:00,2026-04-28 00:00:00,2026-09-14 10:26:44,153.0,14,19,6,True,Past selector — still posting
29929108,Asia Martin,2026-04-14 00:00:00,2026-04-14 00:00:00,2026-09-04 13:32:04,167.0,24,21,4,True,Past selector — still posting
24789152,Barb Craft,2026-04-10 00:00:00,2026-04-10 00:00:00,2026-09-26 11:15:02,171.0,2,14,4,True,Past selector — still posting
26403855,Rian Smith,2026-01-21 00:00:00,2026-04-10 00:00:00,2026-09-27 10:39:32,171.0,1,35,5,True,Past selector — still posting
27384590,Erin | Trailer to Dream Home | DIY,2026-04-10 00:00:00,2026-04-10 00:00:00,2026-09-27 14:41:31,171.0,1,11,1,True,Past selector — still posting
23951509,Jami Bukhari,2026-03-30 00:00:00,2026-03-30 00:00:00,2026-09-10 06:52:37,182.0,18,13,3,True,Past selector — still posting
25763338,Sahanaz Matin-Rashid,2026-03-25 00:00:00,2026-03-30 00:00:00,2026-09-05 08:32:47,182.0,23,23,2,True,Past selector — still posting
27927396,Courtney Thibodeaux,2026-01-16 00:00:00,2026-03-30 00:00:00,2026-09-28 11:48:14,182.0,0,66,6,True,Past selector — still posting
28539493,Linda Wolfe,2026-02-09 00:00:00,2026-03-30 00:00:00,2026-09-13 10:18:39,182.0,15,7,3,True,Past selector — still posting
29871363,Jennifer Argueta,2026-03-29 08:55:14,2026-03-29 08:55:14,2026-09-25 17:17:34,183.0,3,6,1,True,Past selector — still posting
20309276,Tatyana Avramenko,2025-01-08 00:00:00,2026-03-18 00:00:00,2026-09-27 07:10:33,194.0,1,131,8,True,Past selector — still posting
24241209,Dana Vento,2026-01-21 00:00:00,2026-03-18 00:00:00,2026-09-26 07:28:54,194.0,2,62,6,True,Past selector — still posting
28414184,Katrina Kennedy,2026-03-18 00:00:00,2026-03-18 00:00:00,2026-09-28 11:50:37,194.0,0,6,1,True,Past selector — still posting
28049827,Heidi Carter,2026-03-13 00:00:00,2026-03-13 00:00:00,2026-09-09 21:34:11,199.0,18,6,2,True,Past selector — still posting
24691140,Angie Ivie,2026-03-09 00:00:00,2026-03-10 00:00:00,2026-09-24 12:00:54,202.0,4,10,2,True,Past selector — still posting
27063811,Jayla Ferrell,2026-01-13 00:00:00,2026-03-02 00:00:00,2026-09-26 22:09:10,210.0,1,59,10,True,Past selector — still posting
24418835,Cindy Pichardo,2026-02-26 00:00:00,2026-02-26 00:00:00,2026-09-26 07:15:07,214.0,2,14,3,True,Past selector — still posting
26870438,Zena Shennawi,2025-01-08 00:00:00,2026-02-25 00:00:00,2026-09-14 12:40:06,215.0,14,5,3,True,Past selector — still posting
26229578,Micha Butler,2026-01-13 00:00:00,2026-02-24 00:00:00,2026-09-25 11:29:15,216.0,3,25,3,True,Past selector — still posting
28792133,Sierra Edwards,2026-01-16 00:00:00,2026-02-24 00:00:00,2026-09-11 18:27:05,216.0,17,29,2,True,Past selector — still posting
30642476,Diala Jaghab,2026-02-10 09:40:23,2026-02-20 00:00:00,2026-09-23 13:19:25,220.0,5,37,4,True,Past selector — still posting
25530038,Kristen Mckay,2026-01-13 00:00:00,2026-02-18 00:00:00,2026-09-23 03:20:43,222.0,5,32,6,True,Past selector — still posting
24669814,Cris Zaragoza,2026-02-11 16:59:47,2026-02-11 16:59:47,2026-09-18 12:24:42,229.0,10,25,1,True,Past selector — still posting
23208944,Deone Watkins,2026-02-09 00:00:00,2026-02-09 00:00:00,2026-09-12 13:54:53,231.0,16,35,1,True,Past selector — still posting
28412422,Brooke Ransom,2026-02-09 00:00:00,2026-02-09 00:00:00,2026-09-23 12:37:06,231.0,5,19,5,True,Past selector — still posting
26482026,Yesenia M.,2026-02-03 00:00:00,2026-02-03 00:00:00,2026-09-28 06:37:20,237.0,0,28,4,True,Past selector — still posting
23908623,Teresa Padilla,2026-02-01 00:00:00,2026-02-01 00:00:00,2026-09-14 19:13:15,239.0,14,13,3,True,Past selector — still posting
24827084,Courtney Azurmendi,2026-01-13 00:00:00,2026-02-01 00:00:00,2026-09-08 07:22:46,239.0,20,27,6,True,Past selector — still posting
26293507,Desiree Fairchild,2026-01-16 00:00:00,2026-02-01 00:00:00,2026-09-22 05:01:14,239.0,6,16,4,True,Past selector — still posting
27914890,Milaneya Karcha,2026-01-19 00:00:00,2026-02-01 00:00:00,2026-09-08 20:45:31,239.0,19,5,2,True,Past selector — still posting
25768574,Angela  Beechan,2026-01-13 00:00:00,2026-01-26 00:00:00,2026-09-11 02:26:04,245.0,17,64,4,True,Past selector — still posting
24790516,Forlisa Nauling,2026-01-21 00:00:00,2026-01-23 00:00:00,2026-08-31 18:04:48,248.0,28,43,5,True,Past selector — still posting
25588507,Graceful Glam by Danielle Schucker,2026-01-22 00:00:00,2026-01-22 00:00:00,2026-09-09 12:33:09,249.0,19,4,1,True,Past selector — still posting
25526159,Teri Green,2026-01-21 00:00:00,2026-01-21 00:00:00,2026-09-26 11:22:02,250.0,2,22,3,True,Past selector — still posting
25755448,THE CHOC DOLL,2026-01-21 00:00:00,2026-01-21 00:00:00,2026-09-12 04:47:45,250.0,16,3,1,True,Past selector — still posting
30509671,Hannah Lee,2026-01-21 00:00:00,2026-01-21 00:00:00,2026-09-24 07:13:33,250.0,4,16,2,True,Past selector — still posting
27109020,Keara Douglas,2025-01-08 00:00:00,2025-01-08 00:00:00,2026-09-02 15:46:11,628.0,26,25,1,True,Past selector — still posting
28871139,personalspaceid,2025-01-08 00:00:00,2025-01-08 00:00:00,2026-09-27 21:26:07,628.0,0,22,1,True,Past selector — still posting
29733027,Naomi Davis,2025-01-08 00:00:00,2025-01-08 00:00:00,2026-09-16 13:46:53,628.0,12,8,1,True,Past selector — still posting
27135196,Lauren Fabbri,2026-06-21 17:51:20,2026-06-21 17:51:20,2026-06-21 17:51:20,99.0,99,1,1,False,Past selector — went dark
27352724,Leigha Tingle,2026-06-18 10:33:29,2026-06-18 10:33:29,2026-06-18 10:33:29,102.0,102,1,1,False,Past selector — went dark
27188460,Eden Wright,2026-06-17 05:45:00,2026-06-17 05:45:00,2026-06-17 06:58:01,103.0,103,3,1,False,Past selector — went dark
28914015,Ashley Ramos,2026-06-12 00:00:00,2026-06-12 00:00:00,2026-07-20 20:13:56,108.0,69,9,2,False,Past selector — went dark
25990187,brittney_gage Gage,2026-06-11 19:51:22,2026-06-11 19:51:22,2026-06-17 13:04:05,109.0,103,9,1,False,Past selector — went dark
24445806,Crystal Hanson,2026-05-27 00:00:00,2026-06-10 00:00:00,2026-08-24 17:14:30,110.0,35,8,5,False,Past selector — went dark
25486429,Michelle James,2026-03-09 00:00:00,2026-06-10 00:00:00,2026-06-20 10:54:46,110.0,100,12,3,False,Past selector — went dark
25175720,Diana Merezhanyi,2026-04-07 00:00:00,2026-06-08 00:00:00,2026-06-18 15:17:59,112.0,102,8,3,False,Past selector — went dark
32504707,js_612,2026-06-08 00:00:00,2026-06-08 00:00:00,2026-08-19 05:08:57,112.0,40,45,1,False,Past selector — went dark
24382413,Irene Serrano Bustamante,2025-04-08 00:00:00,2026-06-04 00:00:00,2026-08-05 18:00:15,116.0,54,40,3,False,Past selector — went dark
27193097,Carolina Skipper,2026-03-30 04:21:02,2026-06-04 00:00:00,2026-06-14 13:45:37,116.0,106,19,3,False,Past selector — went dark
27603625,Taylor-Alexis Gillard,2026-01-21 00:00:00,2026-06-04 00:00:00,2026-08-18 06:55:07,116.0,41,25,3,False,Past selector — went dark
29742827,Audrianna Skillin,2026-03-23 08:41:41,2026-06-04 00:00:00,2026-06-22 16:15:01,116.0,98,16,2,False,Past selector — went dark
29949815,Mae Cosello,2026-06-04 00:00:00,2026-06-04 00:00:00,2026-04-30 15:52:34,116.0,151,1,1,False,Past selector — went dark
31156259,Tracy martinez,2026-03-18 00:00:00,2026-06-03 00:00:00,2026-07-08 10:29:13,117.0,82,27,7,False,Past selector — went dark
21431912,Stacie Stanley,2026-06-02 13:41:43,2026-06-02 13:41:43,2026-06-03 06:53:47,118.0,117,21,1,False,Past selector — went dark
26389444,Jalyssa Tonyea Woodall,2026-01-23 00:00:00,2026-05-28 00:00:00,2026-05-26 09:38:00,123.0,125,24,2,False,Past selector — went dark
29241597,Christiana Marie,2026-05-27 00:00:00,2026-05-27 00:00:00,2026-06-30 04:10:10,124.0,90,6,3,False,Past selector — went dark
23443497,Dorita Lattany,2026-05-15 00:00:00,2026-05-15 00:00:00,2026-05-14 06:01:12,136.0,137,3,1,False,Past selector — went dark
27178635,Emily Harrah,2026-01-23 00:00:00,2026-05-14 00:00:00,2026-08-22 08:37:54,137.0,37,18,3,False,Past selector — went dark
29083568,Regina De La Cruz,2026-05-14 00:00:00,2026-05-14 00:00:00,2026-04-11 21:52:06,137.0,169,11,1,False,Past selector — went dark
23209769,Sarah Haley,2026-05-12 00:00:00,2026-05-12 00:00:00,2026-05-04 16:12:16,139.0,147,2,1,False,Past selector — went dark
25457510,Alma Tahirovic,2026-05-12 00:00:00,2026-05-12 00:00:00,2026-03-27 08:47:50,139.0,185,6,1,False,Past selector — went dark
30629827,Madeline Lloyd,2026-05-12 00:00:00,2026-05-12 00:00:00,2026-03-30 14:35:46,139.0,182,3,1,False,Past selector — went dark
20968251,Holli Rodrigues,2026-05-07 00:00:00,2026-05-07 00:00:00,2026-08-10 18:37:17,144.0,49,16,1,False,Past selector — went dark
26879878,Abiodun Dosu-Staggers Gillyard,2026-04-28 00:00:00,2026-05-07 00:00:00,2026-04-25 09:52:14,144.0,156,7,2,False,Past selector — went dark
27603550,Kiana Williams,2026-01-07 00:00:00,2026-05-07 00:00:00,2026-08-25 13:48:17,144.0,34,43,7,False,Past selector — went dark
28142201,Princess Moon,2026-05-07 00:00:00,2026-05-07 00:00:00,2026-03-26 20:52:48,144.0,185,1,1,False,Past selector — went dark
29096970,Tara Gazdik,2026-01-21 00:00:00,2026-05-07 00:00:00,2026-04-25 19:22:40,144.0,156,14,5,False,Past selector — went dark
31499022,Shanon Ford,2026-05-07 00:00:00,2026-05-07 00:00:00,2026-07-14 13:43:34,144.0,76,11,2,False,Past selector — went dark
24445789,Sheena  Deans,2026-04-28 00:00:00,2026-04-28 00:00:00,2026-04-25 12:11:20,153.0,156,4,1,False,Past selector — went dark
26635882,Maria Wedding,2026-02-09 00:00:00,2026-04-28 00:00:00,2026-07-10 10:18:20,153.0,80,4,4,False,Past selector — went dark
26819136,Raami Gauthier,2026-04-28 00:00:00,2026-04-28 00:00:00,2026-06-22 18:09:22,153.0,98,5,1,False,Past selector — went dark
30208798,Elizabeth Howell,2026-04-28 00:00:00,2026-04-28 00:00:00,2026-04-28 12:04:21,153.0,153,2,1,False,Past selector — went dark
29947753,Danasia | TheLabel,2026-03-22 18:41:11,2026-04-24 00:00:00,2026-06-11 07:18:56,157.0,109,8,3,False,Past selector — went dark
24418653,Melina Tesi,2025-01-16 00:00:00,2026-04-23 00:00:00,2026-08-03 20:37:05,158.0,55,7,4,False,Past selector — went dark
26673240,_khaylashipman,2026-04-23 00:00:00,2026-04-23 00:00:00,2026-04-07 08:36:31,158.0,174,3,1,False,Past selector — went dark
28642235,Flavia Andrews,2026-03-18 00:00:00,2026-04-23 00:00:00,2026-06-30 10:20:02,158.0,90,6,2,False,Past selector — went dark
28985609,Whitney Surane,2025-01-08 00:00:00,2026-04-23 00:00:00,2026-06-12 09:54:26,158.0,108,35,8,False,Past selector — went dark
29446506,semrauavehome,2026-04-23 00:00:00,2026-04-23 00:00:00,2026-04-17 19:02:12,158.0,164,1,1,False,Past selector — went dark
29214601,Olivia  LeDonne,2026-04-21 00:00:00,2026-04-21 00:00:00,2026-05-02 09:26:43,160.0,149,3,1,False,Past selector — went dark
26297569,Megan Goedde,2026-04-14 10:13:48,2026-04-14 10:13:48,2026-04-14 10:13:48,167.0,167,1,1,False,Past selector — went dark
27408921,Alexis Pratt,2026-04-13 00:00:00,2026-04-13 00:00:00,2026-07-19 16:03:49,168.0,71,3,2,False,Past selector — went dark
28285242,Alexus Minor,2026-04-13 00:00:00,2026-04-13 00:00:00,2026-04-12 18:09:54,168.0,169,4,1,False,Past selector — went dark
14534569,Jacqueline Nava,2026-04-07 00:00:00,2026-04-07 00:00:00,2026-04-06 06:24:37,174.0,175,2,1,False,Past selector — went dark
30221113,Hi Voltage & Performance Racing Team,2026-03-27 12:02:49,2026-04-07 00:00:00,2026-04-05 22:09:40,174.0,175,10,2,False,Past selector — went dark
26925283,Lyndee Pirigyi,2026-04-02 00:00:00,2026-04-02 00:00:00,2026-03-29 10:10:42,179.0,183,2,1,False,Past selector — went dark
24418011,krescent Frye,2026-03-30 00:00:00,2026-03-30 00:00:00,2026-03-31 15:33:09,182.0,181,5,2,False,Past selector — went dark
25635707,Erin Szoch,2026-03-30 00:00:00,2026-03-30 00:00:00,2026-06-03 13:29:21,182.0,117,7,1,False,Past selector — went dark
27140029,S A S H A | Mom life 🧸🧑‍🍼👶🍼,2026-03-30 00:00:00,2026-03-30 00:00:00,2026-03-16 21:35:29,182.0,195,3,1,False,Past selector — went dark
28440645,Tamara Lyons,2026-01-13 00:00:00,2026-03-30 00:00:00,2026-04-06 05:17:01,182.0,175,13,3,False,Past selector — went dark
30784942,Dana Kramer,2026-02-09 00:00:00,2026-03-30 00:00:00,2026-02-17 11:21:56,182.0,223,3,3,False,Past selector — went dark
25776573,Alison McCully,2026-03-29 18:40:28,2026-03-29 18:40:28,2026-03-29 18:40:28,183.0,183,16,1,False,Past selector — went dark
30777754,Destiny Walsh,2026-03-28 08:52:54,2026-03-28 08:52:54,2026-05-31 17:48:40,184.0,120,9,1,False,Past selector — went dark
26794954,hellocrisst,2026-03-27 15:51:17,2026-03-27 15:51:17,2026-04-20 14:10:27,185.0,161,4,1,False,Past selector — went dark
26268637,Olga Clifton,2026-03-25 00:00:00,2026-03-25 00:00:00,2026-08-10 13:29:51,187.0,49,12,1,False,Past selector — went dark
24221721,Alisha Floryn,2026-03-24 12:13:28,2026-03-24 12:13:28,2026-03-24 12:13:28,188.0,188,1,1,False,Past selector — went dark
28911765,teneisha.henry,2026-03-24 00:00:00,2026-03-24 00:00:00,2026-06-06 12:00:09,188.0,114,5,1,False,Past selector — went dark
12906283,marysa owings,2026-03-18 00:00:00,2026-03-18 00:00:00,2026-03-12 00:26:26,194.0,200,5,1,False,Past selector — went dark
28927172,anastasiia.bogatova90,2026-03-16 00:00:00,2026-03-16 00:00:00,2026-03-23 08:56:12,196.0,189,3,1,False,Past selector — went dark
25410357,Britain Bennett,2026-03-12 08:54:21,2026-03-12 08:54:21,2026-03-12 08:54:21,200.0,200,2,1,False,Past selector — went dark
23953574,Robin Warzywak,2026-03-05 00:00:00,2026-03-05 00:00:00,2026-03-07 10:36:05,207.0,205,3,1,False,Past selector — went dark
28106389,Sarah Hamilton,2026-03-01 05:47:41,2026-03-01 05:47:41,2026-03-01 05:47:41,211.0,211,1,1,False,Past selector — went dark
25526053,Tatiana Camargo,2026-02-19 17:10:13,2026-02-26 00:00:00,2026-03-22 20:43:47,214.0,189,12,4,False,Past selector — went dark
30492404,our.cozyluxe.haven,2026-02-26 00:00:00,2026-02-26 00:00:00,2026-02-25 09:47:44,214.0,215,22,1,False,Past selector — went dark
26703315,Andrea Worley,2026-02-25 00:00:00,2026-02-25 00:00:00,2026-06-20 12:36:30,215.0,100,11,1,False,Past selector — went dark
30716473,collabs.justbrandi11,2026-02-25 00:00:00,2026-02-25 00:00:00,2026-02-25 12:01:34,215.0,215,4,1,False,Past selector — went dark
26241983,Jalisa Baskin,2026-02-24 00:00:00,2026-02-24 00:00:00,2026-08-25 06:04:43,216.0,34,19,1,False,Past selector — went dark
25768613,Stephanie,2026-02-03 00:00:00,2026-02-19 00:00:00,2026-04-13 14:37:22,221.0,168,4,3,False,Past selector — went dark
25283130,molly,2026-02-18 00:00:00,2026-02-18 00:00:00,2026-03-11 12:47:26,222.0,201,6,1,False,Past selector — went dark
28472700,Alex Bucklin,2026-02-18 13:57:22,2026-02-18 13:57:22,2026-03-27 14:22:23,222.0,185,6,1,False,Past selector — went dark
28744739,Traci Hobbs,2026-02-18 00:00:00,2026-02-18 00:00:00,2026-02-17 17:11:44,222.0,223,4,1,False,Past selector — went dark
25082611,Rebecca Paradiso,2026-02-17 00:00:00,2026-02-17 00:00:00,2026-03-29 05:41:39,223.0,183,3,1,False,Past selector — went dark
26300771,Jennifer Vo,2026-02-17 00:00:00,2026-02-17 00:00:00,2026-07-09 18:47:25,223.0,81,4,1,False,Past selector — went dark
27302511,arlindabalidemic,2026-01-21 00:00:00,2026-02-17 00:00:00,2026-02-16 14:23:06,223.0,224,8,6,False,Past selector — went dark
28485685,United States MARTA,2026-02-17 00:00:00,2026-02-17 00:00:00,2026-02-19 10:35:12,223.0,221,2,1,False,Past selector — went dark
29189657,Peggy Hiemer,2026-02-14 13:29:56,2026-02-14 13:29:56,2026-02-16 17:37:47,226.0,224,8,1,False,Past selector — went dark
25113080,Rachel Perlman,2026-02-13 19:30:40,2026-02-13 19:30:40,2026-03-09 04:46:14,227.0,203,4,1,False,Past selector — went dark
27062696,designsbydemery,2026-02-12 20:54:50,2026-02-12 20:54:50,2026-02-20 18:15:23,227.0,220,2,1,False,Past selector — went dark
25539878,josieturl,2026-02-09 00:00:00,2026-02-09 00:00:00,2026-02-15 12:45:28,231.0,225,2,1,False,Past selector — went dark
27049801,Whitney Eden,2026-02-09 00:00:00,2026-02-09 00:00:00,2026-08-28 05:28:47,231.0,31,10,2,False,Past selector — went dark
28398230,Elaine Batista,2026-02-03 00:00:00,2026-02-09 00:00:00,2026-08-03 14:43:46,231.0,56,28,4,False,Past selector — went dark
24814918,Ujjwal Chatterjee,2025-01-08 00:00:00,2026-02-06 00:00:00,2026-08-13 18:00:05,234.0,46,6,2,False,Past selector — went dark
27183669,Lauren Bareli,2026-02-06 13:30:39,2026-02-06 13:30:39,2026-02-06 13:30:39,234.0,234,1,1,False,Past selector — went dark
24445734,Isaiah David,2026-01-26 00:00:00,2026-02-05 00:00:00,2026-06-26 09:59:27,235.0,94,18,3,False,Past selector — went dark
27232145,Stacy Bowler,2026-02-05 00:00:00,2026-02-05 00:00:00,2026-08-15 11:58:41,235.0,44,18,1,False,Past selector — went dark
27856896,CoolMomStyle,2026-02-05 00:00:00,2026-02-05 00:00:00,2026-04-20 11:32:42,235.0,161,4,1,False,Past selector — went dark
29485856,melissafitfoodie,2026-02-02 00:00:00,2026-02-02 00:00:00,2026-05-29 02:33:58,238.0,122,21,1,False,Past selector — went dark
25134472,Kara Ann Aderholt,2026-01-22 00:00:00,2026-02-01 00:00:00,2026-04-10 09:51:58,239.0,171,7,2,False,Past selector — went dark
19802775,Sam Gracie,2026-01-28 00:00:00,2026-01-28 00:00:00,2026-01-22 08:57:59,243.0,249,3,1,False,Past selector — went dark
26239735,Kelli Testa,2026-01-28 00:00:00,2026-01-28 00:00:00,2026-06-11 13:17:57,243.0,109,12,1,False,Past selector — went dark
26253029,Yoshimi,2026-01-13 00:00:00,2026-01-28 00:00:00,2026-01-28 09:50:01,243.0,243,4,2,False,Past selector — went dark
25006130,Tαɾα |Blogger  Home Decor formerly Live.Love.Shiplap,2026-01-23 00:00:00,2026-01-23 00:00:00,2026-04-04 08:49:51,248.0,177,5,1,False,Past selector — went dark
25532899,Melis Kelly,2026-01-21 00:00:00,2026-01-21 00:00:00,2026-01-15 18:23:47,250.0,256,1,1,False,Past selector — went dark
27166395,Justina Franklin,2026-01-16 00:00:00,2026-01-21 00:00:00,2026-01-15 07:31:20,250.0,256,2,2,False,Past selector — went dark
27461683,Destiny Davis,2026-01-21 00:00:00,2026-01-21 00:00:00,2026-01-20 12:23:16,250.0,251,2,1,False,Past selector — went dark
28445247,Paul Butler,2026-01-21 00:00:00,2026-01-21 00:00:00,2026-01-21 14:39:57,250.0,250,1,1,False,Past selector — went dark
29064686,ddchambers10,2026-01-21 00:00:00,2026-01-21 00:00:00,2026-07-05 15:15:27,250.0,85,6,1,False,Past selector — went dark
29256790,nickthekidd1,2026-01-20 00:00:00,2026-01-20 00:00:00,2026-03-05 08:28:14,251.0,207,5,1,False,Past selector — went dark
25476499,tia_beautyy,2026-01-13 00:00:00,2026-01-13 00:00:00,2026-04-30 11:15:00,258.0,151,5,1,False,Past selector — went dark
28443975,collabwithdiamond1,2026-01-13 00:00:00,2026-01-13 00:00:00,2026-06-07 10:50:17,258.0,113,18,1,False,Past selector — went dark
28739642,Fatimah bashir,2025-01-08 00:00:00,2026-01-13 00:00:00,2026-03-11 13:53:47,258.0,201,19,3,False,Past selector — went dark
29043937,Sunshine samson,2025-01-08 00:00:00,2026-01-13 00:00:00,2026-07-29 16:41:54,258.0,61,9,4,False,Past selector — went dark
26688880,Kayla Ramirez,2026-01-08 15:24:00,2026-01-08 15:24:00,2026-01-08 15:24:00,263.0,263,1,1,False,Past selector — went dark
26068413,Natalie,2025-01-08 00:00:00,2025-01-08 00:00:00,2026-07-22 09:04:30,628.0,68,18,1,False,Past selector — went dark
28067037,Ana Najera,2026-09-16 17:35:37,2026-09-18 17:20:01,2026-09-18 17:20:01,10.0,10,4,2,True,Recently selected
25460546,Brianna Hand-Solomon,2026-09-11 17:02:55,2026-09-11 17:02:55,2026-09-11 17:02:55,17.0,17,2,1,True,Recently selected
32009853,Well Loved Finds,2026-09-11 13:31:33,2026-09-11 13:31:33,2026-09-11 13:31:33,17.0,17,6,1,True,Recently selected
32180717,Kasca Shand,2026-09-07 20:37:23,2026-09-07 20:37:23,2026-09-26 19:23:31,20.0,2,8,1,True,Recently selected
25635657,Ashley Mulholland,2026-08-27 12:01:16,2026-08-27 12:01:16,2026-08-27 12:01:16,32.0,32,2,1,False,Recently selected
25536514,Andrea Sanchez,2026-04-15 08:28:07,2026-08-25 06:50:46,2026-08-25 08:14:50,34.0,34,13,2,False,Recently selected
27578886,Kinsilo Doyle,2026-07-08 16:36:07,2026-08-23 10:25:58,2026-08-23 10:25:58,36.0,36,5,2,False,Recently selected
28707580,Shonnita Nix,2026-08-19 08:35:08,2026-08-19 08:35:08,2026-09-28 09:44:01,40.0,0,4,1,True,Recently selected
22595756,naylani pepen,2026-03-29 15:55:58,2026-08-18 05:19:00,2026-08-18 05:19:00,41.0,41,5,2,False,Recently selected
31882950,Emily Cohen,2026-06-04 03:37:21,2026-08-18 14:07:00,2026-09-26 18:02:31,41.0,2,35,3,True,Recently selected
27177438,Delaney Zollman,2026-08-16 17:33:15,2026-08-16 17:33:15,2026-09-10 13:35:28,43.0,18,23,1,True,Recently selected
27926999,Hilliary Wynn,2026-08-14 16:57:43,2026-08-14 16:57:43,2026-08-14 16:57:43,45.0,45,1,1,False,Recently selected
35128960,Kaitlyn Dedo,2026-08-13 18:40:47,2026-08-13 18:40:47,2026-09-28 20:00:56,46.0,0,6,1,True,Recently selected
33959348,Maryam French,2026-07-23 07:13:52,2026-08-10 05:23:39,2026-08-10 05:23:39,49.0,49,2,2,False,Recently selected
24812950,Adrian Elia,2026-08-09 16:32:29,2026-08-09 16:32:29,2026-08-10 19:15:04,50.0,49,2,1,False,Recently selected
24459501,Leticia Williams,2026-08-06 06:52:59,2026-08-06 06:52:59,2026-08-06 06:52:59,53.0,53,8,1,False,Recently selected
29431589,Sirena Castillo,2026-08-04 08:00:00,2026-08-04 08:00:00,2026-09-22 08:00:00,55.0,6,4,1,True,Recently selected
33599361,Ana Rodriguez,2026-07-30 10:17:53,2026-07-30 10:17:53,2026-09-17 17:55:42,60.0,11,3,1,True,Recently selected
25524781,Tatum Culhane,2026-02-11 14:22:54,2026-07-28 13:51:20,2026-07-28 13:51:20,62.0,62,10,2,False,Recently selected
25014118,Jessica LaFevre,2026-02-15 13:00:48,2026-07-27 06:56:05,2026-09-21 06:36:06,63.0,7,19,2,True,Recently selected
16506745,Stuti Rastogi,2026-07-23 17:34:50,2026-07-23 17:34:50,2026-07-23 17:34:50,67.0,67,9,1,False,Recently selected
27003703,Julie Berset,2026-07-15 21:33:06,2026-07-15 21:33:06,2026-09-25 00:59:56,74.0,3,54,1,True,Recently selected
25055408,Lola Cimmino,2026-07-13 17:29:09,2026-07-13 17:29:09,2026-09-06 16:52:56,77.0,22,23,1,True,Recently selected
29406555,Jacqueline Gonzalez,2026-07-08 10:55:39,2026-07-08 10:55:39,2026-07-27 15:04:51,82.0,63,8,1,False,Recently selected
27908368,Jenn Dunning,2026-07-03 11:26:16,2026-07-03 11:26:16,2026-08-24 10:12:21,87.0,35,2,1,False,Recently selected
27142361,Alexis Luna,2026-07-02 15:16:14,2026-07-02 15:16:14,2026-08-26 14:53:20,88.0,33,4,1,False,Recently selected
